Emotion,RMS_Energy,ZCR,Spectral_Centroid,Spectral_Rolloff,Pitch_Mean,MFCC_1,MFCC_2,MFCC_3,MFCC_4,MFCC_5,MFCC_6,MFCC_7,MFCC_8,MFCC_9,MFCC_10,MFCC_11,MFCC_12,MFCC_13
Angry,0.04140595,0.08104808910472973,2244.518920870943,4023.786502322635,258.93369005143165,-390.03134,55.235966,-15.03465,-10.704581,-6.318041,9.424743,-20.741861,-12.001624,-7.1517687,-7.9199524,1.646008,-0.9409506,2.2132027
Angry,0.022364037,0.08518003806089744,2182.5690978404064,3817.59130859375,219.43721310464306,-451.01947,67.04883,-0.44825745,-16.81213,-14.137628,12.182583,-8.768964,-0.8330885,-12.662774,1.0330604,-7.188158,3.7225678,4.862129
Angry,0.029732324,0.12767894847972974,2964.378674382828,5331.541279560811,236.2118975035815,-406.56332,28.609005,-5.317216,2.1246305,-3.2384527,5.009407,-20.190369,-2.5193381,-12.905815,-1.8775864,-11.231725,2.015583,3.097071
Angry,0.043053925,0.10591898336038962,2636.422928878023,4431.942332081981,233.01196987954583,-386.34003,53.439655,-8.663545,-13.309979,-5.5664816,8.4170885,-18.068228,-11.134799,-10.535916,-8.044547,0.35115522,-1.3218291,2.5184412
Angry,0.030543929,0.07601883162313433,2330.1688330950014,4295.259838502799,240.43487244546253,-404.78488,54.462566,3.3552904,10.96758,2.1670082,6.005213,-25.438646,4.9357786,-12.994334,-16.313234,-10.588129,-5.1837378,-4.2568307
Angry,0.028207311,0.06754777238175676,2208.8122908928776,4189.22924144848,222.1152119706124,-431.13174,51.173035,-4.099321,0.36308697,3.591189,8.474003,-25.658535,-6.0172315,-9.46414,-5.014375,-10.135217,3.9054434,5.2480016
Angry,0.041777894,0.07346863677536232,2146.1713344779055,3857.188094429348,255.13162085106688,-400.26138,54.793133,-11.737363,0.30728868,-6.577619,2.2693682,-23.403997,-0.6249479,-10.289559,-3.135963,-9.072896,-0.10214867,0.8045506
Angry,0.035571687,0.0803985595703125,1943.6622307040648,3175.6155853271484,222.39896299458633,-435.237,75.243774,9.57878,-4.381339,-12.306608,3.8015032,-18.057562,0.60990167,-15.718792,-9.115133,-8.78784,-2.8417,-1.5563493
Angry,0.04949941,0.076080322265625,2003.0107264493738,3496.5485229492188,212.23681040310663,-395.3046,62.091198,17.143702,4.7433915,-19.225445,-0.31203523,-14.132403,4.235093,-19.03558,-2.2718651,-9.839098,-4.6220264,0.42863387
Angry,0.03461721,0.08134230522260275,2383.3437786877394,4700.42658390411,251.29152103376668,-404.9593,45.25135,-4.7941318,-11.307742,-12.210786,9.086163,-16.326225,-4.2449756,-15.270038,-7.655744,-7.869691,4.704107,6.922372
Angry,0.038671557,0.09749348958333333,2430.0592320451988,4578.143299932065,243.26225983891769,-376.86417,51.779568,-9.167829,-17.190895,-14.30454,5.3177795,-19.518509,3.7483552,-13.696295,-4.418163,-7.93904,3.1705713,2.289064
Angry,0.033364646,0.07896894290123457,1851.906867463954,3088.542896412037,206.92451191452338,-442.59592,78.725945,7.5531096,-14.488269,-7.6643453,19.995138,-13.104063,-10.728873,-15.57948,-2.706109,-10.268633,-4.3919654,-2.0647237
Angry,0.021508245,0.08495396205357143,2302.5979662496743,4128.5477260044645,214.8336479360578,-428.31653,65.382256,-16.473307,-12.363533,-1.1242555,7.12128,-17.773705,-2.2437603,-11.564427,-1.2889854,-9.020992,6.2538295,5.045245
Angry,0.032074604,0.07666693793402778,2145.7738823375084,4031.25048828125,221.3434781750577,-406.67154,71.47461,-4.225696,-21.70146,-14.514415,0.3048199,-11.804287,5.479347,-16.365618,-3.889453,-14.763279,0.77573735,2.0876613
Angry,0.046921887,0.08315805288461539,2319.352301737314,4194.16943359375,223.93654734100213,-386.3277,46.730705,-12.909051,7.96942,1.5935518,2.975918,-19.225424,-13.214016,-10.510059,-16.192562,-3.681432,-3.1776972,5.3649273
Angry,0.026743352,0.0821216724537037,2504.2154185308646,4701.396303530092,228.34447562286576,-421.97623,53.186615,-10.817177,-8.8701105,-13.485598,6.6792397,-10.687629,-0.36471385,-12.916915,-1.1411837,-12.577321,5.9602547,7.526257
Angry,0.042750575,0.10562094155844155,2494.037390414115,4392.154398336039,223.19588219479553,-377.16504,46.112877,-13.684005,8.455584,-1.0851057,1.920528,-21.405577,-12.420017,-9.687043,-16.032175,-2.0651739,-3.0926323,0.92485195
Angry,0.027552802,0.1048536424512987,2686.038119156919,4964.976790787337,242.5300122396363,-393.97046,43.09049,-8.483941,-7.6291013,-4.4381657,10.729968,-24.398031,-10.929127,-7.391199,-6.734254,-9.030989,3.6600761,0.30453572
Angry,0.037337944,0.10333343050373134,2556.15741514699,4350.950005830224,260.29989115932324,-375.41266,51.18153,-18.314465,-8.17639,-10.8503275,7.9144487,-18.340889,-1.4098573,-8.612008,-6.871752,-8.675446,-0.47524813,1.3198224
Angry,0.025384814,0.09831194196428572,2635.442087637432,4746.9017578125,231.49491997950824,-397.88004,51.279972,-16.065462,-11.248124,-8.216813,2.9469702,-19.720346,-2.6716325,-11.271613,-0.8027275,-11.316447,1.6340936,2.4299958
Angry,0.040785547,0.11143319818037975,2734.665153463501,4864.028357397152,229.18392068676025,-382.71426,41.572266,-10.642628,-3.4746108,-4.033044,4.6203337,-18.565372,-5.4804354,-9.60399,4.367809,-11.178614,0.3383037,6.7084513
Angry,0.01940136,0.0970654899691358,2898.328955452089,5807.685112847223,252.36462368097395,-445.0097,26.497206,-2.3579829,8.954246,0.4284701,6.1517105,-16.11987,2.8939276,-7.745337,-4.861261,-9.27086,2.4869828,1.879682
Angry,0.026173253,0.13479066506410256,3283.5552859188765,6312.57421875,248.94467061164966,-407.37292,18.599308,-3.5969958,6.212846,6.142697,4.6897755,-17.321878,-1.3854052,-11.980784,-6.9885974,-11.932101,-2.5273392,4.23548
Angry,0.03321882,0.13219713184931506,2936.296928777852,5059.196636879281,248.11994198313644,-386.99902,37.642998,-11.153594,-0.58627725,-3.91962,3.046489,-20.103691,-3.1644921,-11.942016,-5.696971,-10.9178505,-0.6898117,0.65072906
Angry,0.030687027,0.0825470400528169,2403.422491644771,4492.667611135564,253.8849310290214,-404.05148,53.33749,-2.7736816,-4.553685,-19.766853,-2.4893153,-17.841074,-2.2382796,-13.130691,-1.1109872,-11.849582,1.0968543,1.0584836
Angry,0.033901256,0.097578125,2549.89153531576,4727.987265625,235.47106919927583,-385.85614,46.62046,-11.709095,-13.846709,-6.985295,11.004654,-25.08065,-6.6879196,-10.793328,-9.278149,-7.8877563,3.5127845,-1.1694002
Angry,0.02271136,0.08238699776785714,2508.3635978360926,4990.0880859375,273.14778175250433,-443.32825,43.841976,1.8007107,5.03639,3.3788896,6.568936,-20.22441,-1.8685085,-11.864231,-7.084444,-11.622507,3.2021065,4.0120606
Angry,0.029755877,0.07877145686619719,2325.1823221573986,4431.887819102113,233.539531288841,-419.03494,44.20333,-3.9052489,-3.4932985,2.9456308,5.622008,-25.97662,-5.550121,-10.108545,-1.554064,-10.376677,3.54745,3.2771459
Angry,0.0325985,0.07908302017405064,2564.004199484419,4849.693099782437,251.66455708361394,-415.9514,44.091328,-6.5012918,-6.4764433,-0.45876428,9.10277,-22.6797,-2.651128,-7.3544507,-2.2500465,-4.9215555,1.0480189,-1.8609548
Angry,0.0257061,0.0680359679383117,2566.6287056716114,5421.2220855316555,241.4146680776053,-438.15442,28.62816,3.1427617,5.684605,6.7315474,7.643744,-19.523268,0.54411846,-10.598604,-6.4529123,-11.703255,1.1235996,-0.2947078
Angry,0.03491335,0.080133056640625,2101.8682944706934,3617.6946533203127,232.9146741254197,-401.55298,61.1166,-12.977959,-10.527991,-6.404193,8.268748,-21.14174,-2.8949864,-12.604146,-3.1063943,-5.8199754,1.0508559,-4.480681
Angry,0.0425089,0.07738196331521739,2402.6746456213264,4504.371942934783,234.87764563932214,-398.16583,40.013638,-5.7899275,2.7011094,-3.82784,3.2627301,-21.038519,-16.618185,-8.4732065,-8.318423,2.8010898,1.4809971,0.011614924
Angry,0.017355397,0.0789893897804054,2492.2992139662774,4759.499247782939,227.02545258787714,-470.2869,42.84745,0.94351536,8.944417,-0.024534252,8.448582,-18.53515,-0.7986647,-8.688171,-2.8884983,-7.9978285,4.519008,6.5431933
Angry,0.019843863,0.08515872231012658,2282.091038156218,4166.1276577333865,219.66908006620866,-461.50262,60.3886,-2.5975034,-2.1269605,-7.8264394,6.7949553,-13.338882,-1.0335457,-10.026805,-4.2121625,-7.827005,5.0305715,3.4123492
Angry,0.05008987,0.07967423804012345,2118.8104315921228,3745.075339988426,220.71889252735082,-393.11148,58.953697,-7.1017756,-3.1067958,-15.835398,7.7116246,-14.08716,-15.233752,-12.6504345,-11.983868,0.17050134,2.6087933,3.5849493
Angry,0.043080106,0.07672901642628205,2102.955291970345,3814.53466796875,226.01786272979734,-408.94196,59.755047,2.8894026,1.0133605,-23.359022,-0.3176774,-15.41805,-10.532988,-10.696659,-9.212745,0.6386613,-1.2386951,1.2901726
Angry,0.041878313,0.07516891891891891,1982.9378427250945,3327.8637827280404,237.49821860312736,-400.33463,71.306274,-1.8168514,-14.093821,-17.038591,3.9227872,-18.653347,-2.8557773,-15.279552,-3.981846,-8.730149,-2.4657936,3.5129158
Angry,0.0330437,0.11086588541666667,3101.3708477467735,6014.6495703125,235.13770942185982,-397.77307,31.884527,-3.2977412,-9.246524,-1.8651097,-2.682133,-20.88031,-2.7627065,-13.512642,3.6276724,-8.741067,5.9651694,2.2590547
Angry,0.035393722,0.1314962635869565,2859.2440773336543,5021.980808423913,242.92122056006494,-387.39807,56.569904,3.6094282,-9.030087,-22.964357,-1.3498386,-17.871027,1.211156,-10.849334,-3.0222688,-6.9642153,-2.3316462,-1.4324948
Angry,0.0391919,0.1253119574652778,2920.6224057680174,5135.7548421223955,243.40866732544578,-374.5668,51.804924,-11.997672,-29.335218,-17.665209,8.1645975,-17.092974,-1.3804905,-16.827047,-3.3743367,-11.955597,5.3307853,5.2755423
Angry,0.033134863,0.16493489583333334,3271.3401821437833,5807.2259375,229.70497938541487,-396.2382,43.00243,-10.442606,-20.435692,-2.7674844,8.974595,-20.07545,0.9084431,-9.339185,-1.6944804,-8.258784,0.014162687,-0.7116305
Angry,0.030911908,0.11368709415584416,2834.5730234537155,5187.448622666396,233.74727433099363,-424.13608,37.916786,-4.7350354,1.1314658,-1.9732463,11.817174,-19.073664,-15.594411,-10.71796,-7.259206,-0.79604036,-1.7939011,6.4318485
Angry,0.024940146,0.10036107113486842,2784.634964894781,5093.047003495066,216.63216542000632,-428.68808,50.02732,-8.377685,-14.506681,-4.763714,10.657768,-18.11898,2.0263398,-13.925903,-3.836364,-9.94343,9.120869,7.3621087
Angry,0.031880092,0.11372994087837837,2784.798696934777,5207.6605917440875,229.89508046624695,-406.50848,44.730175,5.5001206,0.046783756,-7.3927298,9.148659,-11.128289,-15.987814,-15.116749,-14.803592,-4.3208528,-2.1541264,1.4641266
Angry,0.03147806,0.07940995065789473,2305.8877841954786,4185.176475123355,255.5317726151933,-409.10254,51.85767,-12.8332,-11.54024,-6.610023,7.735213,-20.358839,-1.3532815,-7.998163,-1.386374,-6.179482,1.247534,0.5332694
Angry,0.03744058,0.11785502373417721,2674.588303501775,4668.616161491297,248.30259856389011,-378.0307,41.566807,-19.230946,-6.5578017,-6.289071,5.1712084,-18.717422,-13.662119,-8.435225,-6.8988576,4.231749,-3.2849998,-0.872578
Angry,0.029466782,0.08306206597222222,2702.7640511146674,5431.9560546875,234.70641204190974,-403.35098,35.353294,-4.6861897,4.4707837,0.4636267,4.1727376,-20.187775,-1.5056617,-12.129536,-7.7378645,-15.786512,0.97617644,2.8204215
Angry,0.032684155,0.08616444762323944,2245.190665664716,3931.3779847051055,222.49004928982023,-407.07437,57.69186,-5.818148,-14.982923,-4.1496625,12.84312,-15.674042,-10.895816,-21.549807,-1.9410906,-11.000094,3.1316946,4.15418
Angry,0.031844188,0.08156151107594936,2316.542890317517,4425.218576938291,234.5424435951717,-425.20035,43.75549,-6.3892264,0.47368488,-1.6990198,9.473731,-22.335388,-14.221706,-6.467615,-4.7502093,5.4348392,-2.3370564,2.0835886
Angry,0.021070125,0.08553916529605263,2428.6740010620124,4597.0748869243425,234.589778409197,-427.8483,52.474655,2.7391996,2.5742826,1.722178,10.865995,-16.298851,-4.10999,-9.344385,-9.17498,-13.016178,-3.1895163,-2.000252
Angry,0.026669614,0.07993766053082192,2282.015461610499,4329.245732555651,234.08129120506976,-424.71362,61.30389,8.41606,-7.1739016,-18.241018,-2.5287566,-16.82817,2.8092663,-19.547354,-4.5158677,-10.487398,-1.2961926,2.3452525
Angry,0.022725068,0.06721327039930555,2153.938206816578,3985.719278971354,219.96164742320252,-442.30984,62.721245,-2.7117462,-6.3965793,-1.5985872,11.208167,-17.3939,-8.612881,-18.44622,-6.034008,-8.739857,6.514084,5.5497513
Angry,0.031745385,0.11100706335616438,2754.7723178103465,5242.745812821062,243.81805553853926,-392.73474,41.95813,-0.9626857,-1.4904227,-4.014574,8.377626,-18.64654,-5.9645576,-16.47379,-3.0664687,-13.235975,-1.6065303,0.71100426
Angry,0.017384743,0.08653135557432433,2208.827226867128,3757.3383129222975,218.10018171455405,-467.87527,65.929955,1.9778962,0.8775577,-3.2690814,13.973841,-13.889251,-5.384953,-13.6464205,-7.622655,-6.567357,6.774033,0.37518632
Angry,0.022071281,0.09213445216049383,2648.015266734891,4693.743381076389,240.51374525191423,-425.91797,49.568798,-16.708912,-20.318737,-4.7011123,8.605219,-16.98746,3.179205,-5.2683296,-1.0765545,-7.340589,3.1442006,2.6122384
Angry,0.039974492,0.08545600043402778,2275.7444869116616,4114.365641276042,239.03956158589534,-380.8828,58.38405,-2.2276812,-9.209542,-29.730412,0.18376476,-16.334879,-9.279861,-11.044584,-12.920955,4.75028,-4.8958173,-0.1829198
Angry,0.029516747,0.12045476466049383,2722.9082714498068,4715.671947337963,242.79215512226668,-382.90445,53.081596,-24.230526,-17.535673,-7.521596,7.026218,-27.264633,1.0112687,-6.909301,-1.5574403,-3.6512678,-0.8452579,-0.49841464
Angry,0.023442546,0.09169371698943662,2797.3852880181175,5432.403787962148,238.4641690638078,-417.17603,41.375935,-5.005428,3.953563,-2.9319856,4.3941264,-25.236628,0.49450845,-10.406735,-9.2725,-12.82845,2.6273715,2.8378096
Angry,0.037891146,0.08915150316455696,2409.5705316604444,4374.818829113924,227.11485925617671,-388.34613,57.6043,-22.059574,-15.935068,-6.914029,8.768553,-18.779686,-9.945751,-8.664248,-9.687791,3.7704604,0.52234155,0.09104259
Angry,0.023973081,0.08262369791666667,2644.802637650162,5113.58859375,306.00722259871134,-420.8801,46.680862,-4.9830856,2.0265784,-1.1509316,7.083557,-22.330791,-2.9122956,-11.13685,-10.795373,-14.2520895,3.8316934,3.4409652
Angry,0.026823958,0.0908474392361111,2248.2449273440134,3689.1869303385415,232.31100314701337,-410.0747,65.69053,-21.067493,-25.324066,-10.360545,12.937736,-17.353142,-6.3215113,-17.096603,-2.5428019,-9.270152,7.4261227,7.3070517
Angry,0.027498128,0.08092698317307692,2282.113113046492,4168.646484375,232.27257143741647,-429.35123,61.11853,-11.623402,-4.374973,0.5502778,1.0094872,-24.071726,-3.5861726,-12.6805,-6.2316785,-17.22739,0.5599074,6.512057
Angry,0.04138147,0.08255615234375,2157.540286840519,3850.7482177734373,224.02167888129628,-410.6918,64.02567,4.8473544,-0.9528452,-22.395443,-1.1625161,-20.856787,-8.474775,-18.018518,-12.167988,6.8611,1.659206,2.1726112
Angry,0.049718823,0.08290874094202899,2058.6609499089445,3390.3726222826085,239.67277899210566,-377.55392,71.437004,-5.3717527,-7.8395085,-20.59622,-6.1116424,-22.200651,4.1936865,-15.812641,-7.917529,-4.8165298,-0.6330122,-0.09941795
Angry,0.04664613,0.0789747362012987,1895.0501562577556,3070.1732066761365,229.27820956051784,-407.5395,77.317184,0.20493604,-32.020836,-18.87003,15.731273,-16.838118,-8.465151,-15.8428335,-4.549388,-10.639665,-1.8781003,2.5658822
Angry,0.022008803,0.07957664695945946,2478.9383111651273,4617.5761190878375,230.52000787305727,-436.57095,50.68656,-13.20004,-7.7913885,-9.27258,11.628024,-15.746851,2.1134195,-8.615093,-6.0953074,-8.376959,6.870219,7.5324764
Angry,0.03851154,0.09007069762323944,2311.976216706575,3963.6147804797533,238.2069902423478,-369.76733,57.481617,-9.713205,-1.1101902,-2.93917,-0.08862939,-25.5713,-5.1875105,-12.634858,-5.594422,-9.348704,-1.8791416,-0.5620931
Angry,0.034220874,0.08692708333333334,2103.58650289179,3395.70765625,245.69736720463794,-399.63535,70.23328,-7.5519214,-14.87583,-9.043421,8.00431,-18.855515,-3.4894185,-12.76296,-2.1683517,-7.572284,-4.083734,1.0533419
Angry,0.038174342,0.09264026988636363,2276.059830364207,3920.2726004464284,216.70520643315118,-393.3881,54.59357,-3.0720437,2.8936524,-6.4433393,6.8656282,-14.436703,-14.931408,-12.874509,-14.149252,-5.15246,-5.123927,1.4874047
Angry,0.033869013,0.09460302146084337,2457.114598588054,4533.532038309488,221.70652870129936,-411.1666,47.593704,-5.788097,5.713164,-4.2144938,11.611024,-16.550049,-16.550797,-13.353659,-10.0315,3.5247028,-3.3924065,2.1292303
Angry,0.019940112,0.0829418285472973,2254.664953317356,3901.8389331714525,217.87178117044078,-448.07928,64.00047,2.9058754,-0.22969112,-5.9457355,9.527448,-13.763364,-6.873262,-15.522237,-4.7852864,-9.406887,6.418185,0.41628867
Angry,0.01577458,0.08864524147727272,2988.5533954333373,6055.81640625,232.3002012963991,-445.8011,38.514004,4.8537283,0.051486596,-2.0943959,11.148952,-13.238901,-4.3466697,-11.0849495,-0.61673665,-12.593314,2.640158,0.3149981
Angry,0.028204508,0.08341868330792683,2542.383068385111,4900.943025914634,241.49402319191833,-415.7794,40.31346,-1.4992331,12.447158,-4.0737653,3.5402336,-21.668549,1.3834922,-12.779316,-10.30868,-11.276938,-5.0862927,-4.4456778
Angry,0.020376096,0.0792578125,2435.1146191257476,4567.4525,235.48941978384715,-455.28735,42.55875,-0.5269086,8.91965,5.018262,4.58567,-15.994567,-0.20917039,-13.31965,-7.0041585,-14.297882,1.8246258,2.5681636
Angry,0.029907452,0.0846778759057971,2491.111625170976,4768.013841711957,239.471783906548,-403.71445,41.73963,-10.6896305,-2.0614548,0.36735484,4.2002087,-25.78921,-3.3613648,-10.655148,-5.3338337,-10.83399,4.53136,4.0579357
Angry,0.03313108,0.08623417721518987,2482.143289255954,4876.854640526108,277.5798620701676,-423.1294,44.558605,-6.835261,4.8739266,-0.006127273,9.601987,-22.139362,-14.422025,-13.082632,-8.8921385,0.10603375,-1.8628724,6.271042
Angry,0.03881126,0.08728705512152778,2330.763854979925,4255.2640380859375,220.4302159748359,-387.43973,57.177822,-4.736326,-1.3007878,-14.681649,3.2585535,-21.070137,-14.483098,-15.62757,-11.828579,1.9912478,-2.1609116,1.332499
Angry,0.030293351,0.094757080078125,2370.8509755137916,4397.470422363282,229.5429639113209,-413.19815,50.67237,-2.5288417,3.6595426,3.0195966,3.3401875,-21.96876,-3.3048706,-9.280604,-9.461027,-8.56059,-2.2688737,1.536104
Angry,0.03316513,0.08793131510416667,2453.546209132803,4561.399332682292,248.81476173496313,-394.30505,54.787308,-13.249165,-3.5737584,-1.7642243,3.3639205,-25.964376,-1.3593125,-11.889889,-10.69511,-7.3530545,-1.1875019,-0.31445265
Angry,0.028126355,0.07351719647988506,2000.2199015956662,3542.1510977909484,229.4995771221543,-442.4272,68.69141,-5.937497,-12.064765,-7.6890464,11.087375,-14.1642475,-1.042894,-12.782221,-3.8670437,-6.5897117,-3.3297627,-1.6418482
Angry,0.022082767,0.07685546875,2413.0598992301034,4664.64755859375,412.409097278102,-448.32227,52.41335,-10.716354,0.13358912,-0.49224463,7.976186,-15.00697,-6.600653,-15.614914,-5.22117,-7.319398,6.5051956,3.068151
Angry,0.031418394,0.0805419921875,1990.2499153974254,3300.5987548828125,234.1918890221735,-408.14508,72.12768,-8.852379,-8.752071,-14.739589,2.3745341,-16.750025,0.42361537,-13.794978,-9.921641,-7.79217,-5.0493684,1.6757762
Angry,0.034796827,0.07963992387820513,2540.183318002683,4791.8955078125,226.12331580393675,-390.00177,42.42141,3.3008025,15.427271,-13.947103,8.492228,-16.54225,-15.637063,-17.569574,-20.486185,1.3717711,-1.6799352,-6.6172705
Angry,0.030621758,0.0789410316780822,2058.3765358562973,3337.688262521404,229.73026289072865,-422.26633,70.5781,-0.55337244,-16.885206,-13.9998455,13.746446,-11.964347,-11.883094,-16.712395,-6.466265,-10.413557,1.1162579,4.425498
Angry,0.028502095,0.09887996720679013,2795.8061965676616,5198.100405092592,218.7703873335586,-420.56085,38.39188,-3.2952576,9.3315935,-8.350763,16.007431,-15.37198,-15.037449,-13.184091,-14.053254,-0.37238598,-3.0504322,0.70974964
Angry,0.03227091,0.08840762867647059,2369.2392376376106,4513.462517233456,245.18540775470078,-392.8442,51.410847,-13.424715,-5.9111795,-7.6348033,2.511339,-21.775438,-6.726238,-16.55436,-3.2236693,-7.571972,1.1555758,1.0387812
Angry,0.023078185,0.08122996794871795,2649.166499408165,5233.73291015625,237.19752474316746,-436.57312,42.80384,0.87543565,-4.1358852,-7.437512,8.362525,-12.63876,-1.0643173,-10.840416,-2.9124806,-4.7579775,7.103435,4.3115115
Angry,0.03487648,0.07060046073717949,2034.8567910143909,3555.94287109375,232.00384894976145,-395.75482,67.227684,-1.643173,-2.057866,-6.487875,5.968228,-18.54778,-6.6477304,-19.185637,-7.7810464,-8.462393,-6.552264,-3.4530725
Angry,0.027033592,0.07413631290584416,2606.253264788284,5463.796722808442,238.71047812880036,-419.5884,49.501495,-1.8468344,-9.697874,-14.218138,5.0644436,-16.040794,-5.2323895,-16.338282,-0.91691905,-4.070893,2.7644234,-0.98729455
Angry,0.029398192,0.10367838541666667,2818.761875263967,5352.7777416087965,231.7600034822697,-414.3003,44.160164,7.0252657,-4.280364,-17.614508,1.4225405,-16.48719,-0.15534334,-12.620324,-6.16014,-10.363475,0.8627619,-2.1038249
Angry,0.035136327,0.08131353539156627,1965.331621393806,3539.6450842432228,208.2259228416675,-421.97775,73.42278,3.7981575,-8.059038,-21.264425,6.2525935,-11.46893,-6.309653,-15.158319,-15.529388,-3.6249754,-6.466218,1.4189008
Angry,0.033547424,0.06925852705792683,2083.222579857977,3969.5138028772867,222.36664928784805,-426.21774,67.75777,6.5091662,-12.024375,-23.838829,8.248815,-19.030083,-3.6581872,-13.140294,-10.596797,-9.748867,3.841525,4.9364853
Angry,0.036866017,0.08572998046875,2313.4582205714787,4298.824987792968,218.93672613933785,-403.877,57.220264,1.0112126,3.1827047,-14.698598,9.504989,-10.073484,-16.438633,-25.191013,-15.801367,-2.6600614,-2.9883683,1.3048637
Angry,0.037501432,0.0823546570616883,2123.0413053510565,3658.6321022727275,255.38798736043222,-399.54184,66.95341,-10.441631,-5.345629,-19.307138,-1.2749302,-19.628939,-0.68609786,-11.565367,-1.980917,-6.5875936,-5.0235267,-0.82155055
Angry,0.03642155,0.08649088541666666,2076.340301806119,3478.041328125,238.85987206254183,-397.3846,71.466644,-9.417351,-8.597543,-17.126411,1.1444379,-12.201661,-1.2193893,-16.457504,-6.4830685,-9.270604,-2.726976,3.4397352
Angry,0.017997535,0.07832792207792208,2251.6971480777866,4215.663174715909,237.91679989982111,-454.06854,66.302216,-6.348917,-10.628861,-13.626449,7.972071,-9.099133,-3.6040404,-13.685954,-2.0219297,-8.640848,6.712041,1.8280622
Angry,0.034278,0.0745693108974359,2233.272757796721,4123.86669921875,235.01203648896328,-409.78043,60.061962,-8.104795,5.7764564,-0.97296125,12.16181,-21.906452,-17.077358,-14.28407,-17.302643,-2.4546666,-6.4748054,2.3140516
Angry,0.02869812,0.1019603587962963,2557.0912928655234,4673.2865306712965,247.6611651018049,-414.26294,39.065453,-17.84678,-8.683708,-5.729782,8.48659,-19.857504,-3.2905009,-9.04104,-5.456946,-3.0672884,-0.4736128,0.8961521
Angry,0.030934526,0.08562449919871795,2226.9693903790617,3802.30810546875,227.34307980724387,-414.92892,61.067375,-2.1239746,-12.763029,-3.4578462,18.671703,-19.980057,-10.384827,-15.15695,-2.5254557,-8.623938,2.0231903,2.0685494
Angry,0.017584888,0.0999047550154321,2642.0709982791277,4405.287073206018,231.1690941111863,-446.46042,50.228157,-5.243828,-1.6128163,-6.5314293,8.230409,-15.810607,-5.3344316,-9.6416445,1.234983,-11.069657,3.1809947,3.503653
Angry,0.02826945,0.087890625,2277.3658804605725,3927.770467122396,246.661170610356,-408.6555,59.834976,-11.614842,-2.7750325,-5.1361265,3.9664807,-26.689669,-2.2660356,-11.257318,-3.918664,-8.446221,-6.1578107,-2.3092852
Angry,0.027942931,0.07292546452702703,2223.085894754465,4299.2559121621625,234.7096985964554,-411.40942,61.349693,-0.21172993,-9.405156,-12.080915,2.448338,-24.085112,-4.8133564,-16.310368,-4.1567125,-8.621994,1.2104361,3.5145874
Angry,0.042238686,0.07764340753424658,1997.0002492565266,3497.069041630993,222.09501324849884,-393.96585,72.12651,-2.4807086,-12.108815,-22.084301,7.8627086,-16.28464,-12.012545,-16.292898,-17.317997,0.79195267,-1.0209364,2.1387193
Angry,0.04698638,0.06912274427816902,1844.5111626851572,2914.2399180237676,241.17705000882407,-387.66586,79.99055,0.6684999,-7.1278324,-16.621193,-4.3541536,-15.957038,1.2349976,-20.756353,-8.852239,-11.084711,-8.297552,0.97283345
Angry,0.03668735,0.081875,2055.7803259038265,3395.389765625,211.36051451097273,-406.27826,69.15572,5.2477255,-5.069993,-10.805575,9.208141,-11.583972,-13.466689,-18.93881,-22.548756,-5.181283,-4.1933804,-0.4137884
Angry,0.034355536,0.08228895399305555,2142.5087518813016,3808.0647786458335,250.3073024989425,-383.13657,68.48793,-0.8213661,-3.237967,-14.355937,1.9251646,-15.549086,1.8242221,-18.706587,-11.079232,-15.308038,-7.814268,-2.3844075
Angry,0.024641871,0.09791132229477612,2384.805385752675,4312.16260494403,238.4674179215473,-411.7992,57.780373,-2.6273959,-9.539748,-24.552181,9.206529,-12.256407,0.8930591,-14.915091,-4.969067,-9.647145,4.0642242,1.1885128
Angry,0.042642683,0.10119783425632911,2542.710277371771,4563.138844936709,238.55506357917793,-401.87988,48.212013,-5.0887494,-11.221083,-9.736044,1.6164196,-11.738531,-7.300931,-14.148604,-15.8724985,1.7267711,0.6893795,1.097014
Angry,0.035794538,0.08207310267857143,2105.6918624754976,3495.8886160714287,237.37302428147726,-386.5282,62.3955,-14.012357,-7.27662,-2.2992218,2.6787937,-28.627768,-4.942759,-9.655106,-5.9211235,-5.952848,-4.497067,-1.810519
Angry,0.047056843,0.08544262035472973,2392.5992695469104,4365.626319679054,225.21042973987508,-373.36136,41.417183,-3.7900262,1.1343431,0.77227664,4.101657,-22.552792,-7.989998,-11.382874,-21.812098,-5.412004,-2.9231606,-0.72276026
Angry,0.03981349,0.08872003424657535,2169.3930806488966,3729.608211151541,217.4242414487953,-393.2821,61.50507,-5.4744616,-1.2281806,-5.154701,12.069264,-17.948475,-21.053276,-15.211239,-18.710035,-0.90795565,-6.793526,-2.8581362
Angry,0.038263034,0.07125244140625,2163.018582269403,4096.020703125,369.86255087003286,-419.6652,43.353462,-4.905551,10.504901,1.6976391,10.139647,-18.924864,-12.790017,-16.315235,-12.838274,0.25651368,-2.7183967,-0.7701806
Angry,0.026806574,0.0948016826923077,2938.927786116072,5496.7568359375,234.8199268337152,-415.31982,33.76422,-3.9298823,-1.3023646,-11.984265,7.9627953,-18.27998,-4.7960887,-9.202171,-2.4168625,-10.007431,2.1010478,0.12533975
Angry,0.03947216,0.09166242074275362,2327.853330404496,3896.5788892663045,248.12421833792556,-397.8992,60.133038,1.9440507,-7.5286946,-10.7496195,5.128317,-12.702531,-11.574108,-15.887327,-21.282715,-2.046073,-1.128345,-3.2371109
Angry,0.028193817,0.08984375,2389.5163433909834,4645.856458162007,236.16369966668827,-406.10443,51.266735,-3.3356524,-10.237372,-16.305449,7.6639075,-14.9538765,-3.6652305,-11.801541,-7.544835,-7.9196053,-0.15142031,-1.8014547
Angry,0.02763153,0.08463761613175676,2394.180443135406,4420.075828758446,233.60480459716283,-413.42102,52.01249,-13.398761,-15.065534,1.9929166,6.118416,-23.67786,0.7704339,-12.41426,-1.1731558,-7.3155594,0.6250681,4.0308933
Angry,0.038743775,0.09181722005208333,2266.4792721314134,3848.46337890625,236.24758508624606,-402.3083,54.500835,-13.903788,8.686574,4.296757,1.6881166,-24.999264,-1.5710839,-15.0914345,-9.54265,-7.4436393,-4.799348,8.134052
Angry,0.03733201,0.09524123733108109,2449.9090733267326,4407.5105574324325,225.25002329072052,-398.98087,42.665066,-4.0797014,4.8846793,2.771206,2.867905,-21.961834,-5.816346,-6.736185,-20.34466,-0.2957207,-5.215816,1.8117622
Angry,0.031387404,0.09988481570512821,2490.0604604620653,4476.29736328125,214.2688864777716,-395.62546,59.843548,-14.360162,-11.2673235,-10.816929,14.212177,-17.100704,-10.608328,-7.4836698,-7.387307,4.2285776,-2.982674,-0.7311305
Angry,0.04261331,0.08319091796875,2136.9505574114664,3609.5487060546875,225.09266526693605,-403.4049,67.35947,6.335248,-15.369531,-15.810948,9.673593,-13.750216,-11.383145,-10.555732,-13.100611,-1.6964836,-2.5493543,5.7654514
Angry,0.033204105,0.07440506784539473,2104.768113878619,3911.3095189144738,223.70957982222188,-418.52148,56.947876,-6.1447463,2.6812415,1.0243672,7.5194573,-22.339357,-14.644419,-9.650589,-9.127759,3.261178,-1.9541188,4.159919
Angry,0.03994154,0.07956573109567901,2410.2785416691063,4362.7544849537035,272.52627972798996,-416.48477,46.026806,-3.297927,-4.446632,-4.9833527,13.487686,-9.188481,-20.223906,-17.150507,-11.529791,2.3244362,0.16298789,3.879968
Angry,0.030194549,0.11170718544407894,2517.8809165207786,4431.907701994243,212.2587190365984,-432.08975,60.253265,8.502347,-9.3532095,-8.168546,4.409008,-15.706771,-6.042984,-12.301593,-12.462273,1.1045989,-4.7595205,-1.0534532
Angry,0.022389496,0.07560115665584416,2405.2727500921105,4819.139306006494,239.3537694092205,-448.7189,45.749973,-4.6206045,-2.3323748,1.9467866,7.9699025,-21.945618,-2.1619189,-9.599282,-0.30701792,-8.164922,7.870811,6.0179744
Angry,0.02629332,0.08226587865259741,2323.2249331411294,4383.175020292208,230.70126360781984,-448.24756,50.836765,-6.166066,-4.788798,-0.66138935,7.986175,-18.31092,-0.013867298,-10.857067,-2.852443,-8.127628,4.9878225,6.3135204
Angry,0.032755166,0.07569644325657894,1964.4930419514421,3515.8807694284537,214.57511287613772,-436.46936,71.83359,10.949502,1.2879095,-16.5197,-3.7282622,-19.126348,-5.827312,-14.535626,-12.048246,7.5230193,-1.9437565,-1.3196998
Angry,0.0402556,0.07484759706439394,2176.5394914754866,3855.5075461647725,258.8948730761972,-388.79657,60.871277,3.8616767,2.622688,-15.34576,-8.685135,-20.446663,3.4155886,-18.175762,-2.9550672,-8.2102785,-7.8578677,-0.8066417
Angry,0.032202005,0.09783505721830986,2499.8726267723414,4439.443318111796,248.21943714921022,-416.68454,57.86031,-11.0982685,-12.945851,-8.111236,6.925524,-14.606572,2.7094667,-14.297242,-3.420847,-7.502739,0.9719917,5.9174447
Angry,0.031817317,0.08515751826298701,2115.8030803634374,3395.7530691964284,229.6803796821672,-399.15277,69.25096,-4.230406,-20.421888,-5.275743,8.454085,-27.56106,-7.027296,-11.354217,-1.6992449,-6.2994537,-0.9950243,-2.8105278
Angry,0.03555227,0.07693359375,2072.1566002920113,3432.4240234375,228.93130052482482,-402.54462,69.462494,-4.2062335,-11.290916,-1.5328782,7.1518683,-27.227234,-6.5440197,-17.756855,-4.767177,-9.949456,-2.1639314,-1.1670907
Angry,0.026409699,0.0798068576388889,2425.761205605854,4597.3275960286455,224.31908873019276,-403.44617,59.728054,-4.316759,-15.950948,-3.260267,6.650701,-24.229715,-4.6384254,-21.179605,-7.6723742,-10.277345,2.6003184,2.4338663
Angry,0.03701244,0.09620392628205128,2405.289784128782,3912.5,225.56866196064914,-403.45486,60.609825,-6.189962,-13.166802,-0.16982284,5.684918,-23.266596,-6.4986424,-20.889915,-3.229372,-12.526646,-0.7850229,1.2079862
Angry,0.032665662,0.1102855785472973,2525.7635147656333,4397.522777660473,223.16925782845954,-403.5997,62.392372,-11.468677,-18.447939,-9.931813,9.530138,-17.238205,-10.087307,-12.067981,-10.349882,1.9715949,-4.142049,0.9571508
Angry,0.021589147,0.08066152597402597,2423.878794678644,4413.364308543019,242.09764257247525,-438.5719,55.082172,-1.5284702,0.21614134,-1.260879,7.6977468,-15.470804,1.9097329,-16.240904,-5.260701,-9.636862,-3.699143,-0.14308172
Angry,0.024098182,0.08991732662671233,2617.6434892567295,5271.976508989726,244.65709223344643,-399.67468,51.64097,-5.3962336,-10.571258,-3.4022837,1.42118,-23.122536,-3.9240777,-16.992311,-4.2203403,-12.08816,-1.9861139,-3.565777
Angry,0.0313592,0.08670307677469136,2103.560855973513,3700.0408347800926,213.44818998906248,-426.35196,64.114365,-0.48422647,-6.5007687,-7.2264447,9.305075,-18.314407,-19.876066,-12.160801,-11.958712,2.1375353,0.18170372,-1.6953543
Angry,0.0358464,0.09007116866438356,2220.1151638046276,3988.928577161815,232.18816592885125,-404.18134,56.601013,1.5870091,-7.1794624,-10.655256,5.3242,-13.86153,-15.471174,-14.513617,-17.039583,-5.953226,0.53484523,-3.7637224
Angry,0.03070503,0.06793580572289157,2006.4784124022995,3647.3640460278616,234.62331043016405,-431.88733,66.57487,-2.1631503,-5.4630466,-6.827538,10.991989,-13.267034,-14.362641,-16.560045,-15.165092,-2.0384014,-3.0670576,4.4077873
Angry,0.04077721,0.07714192708333334,2047.1821741941233,3369.00484375,223.9274416260529,-410.40512,66.7886,5.9734063,-11.634855,-22.977665,1.7855153,-11.721469,-12.5582075,-13.767244,-15.650024,-4.658754,-0.50551504,-3.4509997
Angry,0.029962147,0.07818438555743243,2179.896585454284,4022.497756545608,238.03239638386412,-406.86728,65.151535,5.9945545,-15.379236,-23.245754,3.2012026,-11.9449005,-6.419951,-15.887247,-8.298941,-17.985819,3.5144541,-3.0207992
Angry,0.04061628,0.06692744908707865,2077.2745745217985,3470.4548147823034,223.49139868920696,-418.7989,60.685436,2.600267,-6.7935386,-14.500529,6.409712,-8.966374,-12.029667,-18.123978,-9.342438,-0.066326015,-1.6999817,4.55461
Angry,0.029765211,0.08733575994318182,2338.3599546333007,4270.390935724432,246.80861562931386,-392.9896,65.5332,-8.094572,-22.8492,-24.697142,7.7084885,-18.68889,-2.7706697,-15.936834,-4.8950424,-9.35872,1.2374859,3.2588203
Angry,0.031678922,0.08168415850903614,2459.0502131837425,4397.231645331325,221.63260718990847,-423.07327,58.14858,-4.150442,-13.282151,-10.369791,13.259324,-9.999373,-11.859167,-14.537644,-10.87282,3.8821824,3.2157469,4.9755344
Angry,0.029663665,0.10834899129746836,2439.71645954001,4235.087791732595,222.75015725040274,-420.6616,57.384815,-7.06384,-10.309117,-12.3087845,5.031361,-8.766289,-13.884925,-14.011495,-10.146851,0.29327908,-0.92197436,3.421119
Angry,0.021313448,0.14273856026785714,3136.4160750875426,5623.598688616072,232.12415026915448,-400.99097,37.852802,-4.2112293,-5.640065,-8.448444,10.243414,-26.35502,-3.6800554,-11.864336,-4.708057,-7.3824368,1.4906101,2.378992
Angry,0.03980686,0.125799560546875,2776.5911194104706,5195.425561523438,220.2630489191121,-365.5419,48.02845,-6.4505157,-1.5181233,-14.902661,2.3809803,-23.679821,-14.227849,-14.428801,-12.900238,3.1494014,-4.219658,6.618941
Angry,0.036282774,0.13566382137345678,2959.9744995628075,5238.86693431713,243.5524242875129,-399.96054,31.160742,-6.2960844,1.1216424,-8.438068,11.866029,-16.39302,-20.034657,-10.817625,-9.05932,7.6707416,-2.3044596,0.65281725
Angry,0.033058286,0.16380673363095238,3522.816396690479,6176.018798828125,238.6707644589365,-381.56198,11.286535,-2.4573987,16.759192,-3.3199704,2.1223714,-17.674448,-11.533197,-9.288247,-14.8085375,2.7896266,-4.1274657,-0.6950176
Angry,0.03513134,0.1719037224264706,3125.2858114056826,5052.707864200368,240.9535337981088,-372.51364,37.474125,-3.17412,-8.4501705,-12.106827,5.467967,-24.796953,-1.050921,-14.117806,0.08277875,-7.423441,0.27953088,1.32405
Angry,0.0244914,0.1156887478298611,2776.520755556705,5036.248453776042,249.67192382741558,-395.13135,43.044968,-18.792795,-6.610068,-9.943144,3.3630428,-22.12004,1.0914078,-8.814632,1.6676056,-11.131032,1.0256953,2.3184488
Angry,0.036289487,0.11997251157407407,2571.16684959898,4440.608253761574,236.10924160228367,-382.70007,50.94898,-14.332242,-4.15507,-12.172506,-1.7345116,-14.546064,-7.7869306,-9.402163,-12.61484,4.4550295,-1.700599,0.067277744
Angry,0.02754218,0.10810413099315068,2564.9730880995166,4423.796420162671,221.49366022987857,-403.6192,54.444504,-4.832163,-2.5155156,-19.1632,3.6976945,-13.953013,3.7528763,-12.801577,-6.7975364,-9.9710245,3.783379,3.0197623
Angry,0.03468712,0.1226318359375,2946.087112952261,5625.1739501953125,241.72695228532945,-392.70825,17.248392,-9.135004,14.106171,-0.16961856,2.830134,-14.873021,-12.053372,-10.689054,-15.256717,-0.99088097,-1.051802,0.30236042
Angry,0.03584244,0.12918701171875,2684.498447209593,4838.543664550782,225.9466530452556,-395.49356,44.781578,-9.014457,-2.0176754,-6.2655272,16.557598,-14.719907,-21.241283,-17.015694,-11.222561,2.352396,-5.3263307,-1.150614
Angry,0.03940701,0.11611581777597403,2626.2634262227716,4670.515117694805,222.75095961885847,-377.70007,39.311134,-9.744155,5.1313105,-3.5808842,6.255315,-17.885275,-19.879192,-15.966438,-15.279318,0.8420548,-3.9420986,0.23217115
Angry,0.03893726,0.12902285447761194,2744.1851756076344,4854.296598064366,253.41591692112323,-354.33484,48.69628,-9.665937,-4.4593916,-10.830516,3.0738995,-23.132698,-2.8953822,-11.610307,-5.7024484,-3.592316,1.3664616,-2.9224138
Angry,0.038258284,0.13513826069078946,2912.9992092961106,5041.755769428454,232.97731668919613,-368.81265,43.466766,-11.326238,-10.610168,-17.425777,7.932682,-22.954464,0.5280367,-12.201657,-2.2811348,-3.4177012,3.1281404,2.4957275
Angry,0.023174578,0.12701340663580246,2815.9856722946724,5040.92115162037,264.0435092574907,-447.775,42.802124,5.169322,-1.0231578,-13.404533,5.95132,-13.890711,0.6397101,-14.349869,-5.4286184,-10.373396,2.1016462,2.3335567
Angry,0.03558533,0.14637515419407895,3174.4386501557856,5884.688772101152,263.4114789697427,-387.1967,23.799704,3.0274827,0.12098578,-10.798383,1.1332954,-10.356617,-12.440026,-11.649605,-11.394488,-1.6348513,-4.1776824,-0.70329934
Angry,0.046849426,0.1217820500753012,2505.4756228166884,4294.68319371235,219.0931904540934,-374.15805,58.473545,-10.522068,-16.361294,-19.051281,10.4000845,-16.71784,-13.068512,-15.518037,-14.389504,1.25524,1.4665825,5.0916476
Angry,0.024487693,0.14319349315068494,3240.8435393418135,5694.760153574486,231.10752413931408,-410.64133,35.03492,-1.2630569,-11.801998,-11.321408,14.060991,-15.77773,-0.3052355,-14.418823,-4.564187,-9.307431,6.865821,6.1424665
Angry,0.043489352,0.15517726089015152,2912.0215386492914,4856.501775568182,248.02508105253025,-353.79758,42.31601,-12.7722225,-8.948236,-15.253388,5.2652497,-21.638443,0.82544756,-17.59778,-5.354359,-4.5538783,1.4085735,2.2183733
Angry,0.03209161,0.1322998046875,2900.7382092366124,5099.164306640625,231.5907842414604,-404.35284,40.815853,-7.4981794,2.9740405,-12.255457,10.046551,-15.8556185,-12.695642,-12.674947,-10.068426,6.9736276,-0.91954964,4.2925415
Angry,0.040825494,0.1282410552536232,2677.1543061209313,4385.335725203804,248.62161035741454,-367.14288,45.720848,-15.779667,-15.077827,-4.6535287,9.999111,-25.204382,-9.638002,-19.350956,-4.1114125,-7.362991,-0.1112402,-0.7172956
Angry,0.03664791,0.10353655133928572,2607.6804238244986,4574.559626116072,308.19931340424984,-397.479,45.712276,-7.048518,-0.27988696,3.1627083,5.254,-26.891205,-0.44991878,-10.831577,-6.9642563,-5.2816386,0.5946624,1.7094191
Angry,0.03784829,0.0918236301369863,2438.8288645446614,4451.230816566781,238.0859311929178,-404.7221,52.38627,-12.787656,-10.520314,-12.014929,2.8629367,-11.036811,-7.846825,-10.586603,-12.35266,-0.019398702,-0.94345784,4.701494
Angry,0.028603824,0.08045187114197531,2349.57597430014,4494.914568865741,270.40636079092855,-439.32123,46.78256,-0.9673168,5.6283917,2.439914,7.432431,-18.502325,-9.248706,-10.906703,-14.505584,0.95885324,-2.0675945,4.6168756
Angry,0.036606204,0.09620408887987013,2513.386357966078,4620.199637276785,242.71403063938936,-384.3206,47.59752,-0.8777328,13.016539,1.2058583,1.2214615,-18.002691,-10.723791,-12.333358,-12.883841,-1.9076092,-2.190965,1.0315707
Angry,0.039325666,0.08851036658653846,2307.573842969844,4057.84326171875,226.92608744984483,-391.16647,54.44118,-7.720758,-3.323647,-12.75903,0.38798013,-18.674423,-12.595788,-12.646818,-8.6945505,1.9340378,0.20520645,2.1695802
Angry,0.048130654,0.1309765625,2897.362001207096,5008.6846875,234.32966436852627,-373.711,39.38856,-0.99593484,-0.63417,0.74988157,4.1631866,-20.939047,-15.686481,-13.576729,-12.6417,-0.54143614,-3.8022897,1.3287221
Angry,0.042058464,0.10514322916666667,2611.0947478820863,4527.412730823864,249.64940812419448,-386.1051,58.8481,-1.6611274,-22.132408,-4.379083,14.883892,-26.008078,-10.815652,-19.798119,-3.445563,-10.401006,-1.6773973,-0.3945563
Angry,0.02970833,0.10925971137152778,2878.8290411215226,5185.5908203125,234.01553226383243,-413.3268,46.03362,-5.211756,-18.831125,-12.930265,10.90302,-18.662289,2.5546653,-11.198409,-6.3342485,-6.63949,6.1087346,4.4952345
Angry,0.037563972,0.14212839226973684,2837.48203831609,4934.310829564145,216.53704408683677,-394.16083,49.733963,0.7154091,-5.477455,-12.227148,11.770639,-13.551474,-10.675796,-15.657823,-15.855432,0.65045774,-2.185025,3.997129
Angry,0.03260501,0.08093574719551282,2221.419466415066,4051.5771484375,211.33244712018714,-398.6397,58.404392,-6.063238,-3.178789,-8.985829,12.693601,-14.539803,-11.956355,-14.28243,-12.709019,2.4212565,0.07825751,-1.0471317
Angry,0.032144826,0.10614013671875,2581.2599580575807,4451.52424621582,245.35912468816377,-403.8888,49.795532,-10.362157,-5.462382,-5.100979,6.5122375,-27.907362,-1.9158498,-13.77903,-5.9732714,-7.3693852,-0.49334872,4.5706186
Angry,0.037003167,0.08452210245253164,2164.7241529141775,3765.7967266613923,220.67640596283974,-399.47897,65.587494,-6.947277,-11.127604,-9.200461,11.154524,-18.839176,-15.69249,-15.146214,-5.2252026,2.3717868,0.22793607,3.4400966
Angry,0.027032925,0.08774820963541667,2409.9314235125103,4216.5211181640625,225.43249255359592,-420.1881,55.695232,-6.6197815,-10.812002,-6.186262,10.181767,-17.146141,1.15256,-11.738582,-5.190916,-10.056249,3.259644,1.1898739
Angry,0.021945218,0.07776557074652778,2250.533081753299,4059.893758138021,246.10413122497005,-436.40466,67.997086,3.473393,-7.52973,-10.005291,5.5578694,-16.749159,-1.0354835,-15.657462,-5.089293,-13.380193,0.79959637,2.4336138
Angry,0.037118893,0.10548270089285715,2799.571162615618,5086.136467633929,246.93230169402827,-390.308,48.745167,-8.001311,-15.277733,-5.8769584,5.6596375,-20.783009,2.4806037,-12.83861,-6.375293,-5.5957,1.278349,1.2267463
Angry,0.027429227,0.08736165364583333,2249.932476627766,3838.694864908854,224.15933542021773,-420.59363,64.025604,-5.256116,-15.342953,-7.697697,15.930969,-16.410522,-10.88419,-15.338886,0.6708224,-11.245252,1.9865311,4.969755
Angry,0.04112433,0.0890774197048611,2398.4338050109213,4296.821614583333,229.7527124279072,-381.58087,59.550842,-4.7393107,-17.13331,-2.2600543,6.0381303,-22.607979,1.0911189,-14.853991,-6.0058975,-8.508985,-0.6601513,-1.4695028
Angry,0.021613019,0.12764057360197367,2916.833380031976,4995.3270070929275,233.79840163892612,-441.23752,53.077602,1.2281377,-5.220885,-10.441626,5.5926504,-16.015291,-4.0143337,-14.702766,2.7040524,-13.829078,4.965079,5.2518477
Angry,0.041895848,0.07726720861486487,2230.715800345645,4299.417005384291,222.4585997315563,-396.6654,59.655518,3.5711348,-0.23455481,-11.625124,1.6424496,-17.936632,-15.30834,-14.8664465,-12.841665,0.17125623,-1.0258007,0.29729345
Angry,0.038182396,0.08500052787162163,2438.592778462557,4493.051058382602,274.68917983252726,-417.09268,54.763992,10.3911915,-1.0495787,-11.721033,5.2855563,-16.047071,-9.924789,-14.544194,-13.2338705,0.8214017,-2.5881534,-0.5614133
Angry,0.028409243,0.07896021792763158,2147.318850560576,3578.3086322985196,233.8773910608357,-408.87112,63.451447,-13.584407,-13.052664,-10.199864,2.1630902,-20.633062,-5.6884274,-14.382872,0.49204597,-9.745722,4.901273,6.2661195
Angry,0.044479206,0.07182874177631579,2083.557586242938,3690.929751747533,232.92243700654245,-404.2049,66.10789,0.2583281,-10.620762,-17.15637,-0.15371066,-12.638522,-11.745374,-15.461699,-10.4462,1.9246418,-0.5551783,3.9173079
Angry,0.034061234,0.08697083938953488,2224.6086014036273,3930.7083371184594,225.19079744080884,-413.44046,62.41585,-2.4864166,-5.971492,-14.266256,4.1408916,-14.8960285,-12.431544,-15.0855255,-9.883336,2.608691,-0.60981953,4.3909245
Angry,0.0298636,0.07477864583333334,2418.2710878911207,4446.336171875,251.87541466321855,-417.58487,49.225464,-1.4808998,-0.08545399,-1.5644611,3.635251,-18.804226,-3.2757316,-16.744938,-7.256031,-7.368193,-0.13076164,-2.2235472
Angry,0.031043146,0.0797680004222973,2325.6476302230353,4243.83984375,223.77687118073626,-426.8602,48.417168,4.166867,5.6727343,-1.6229427,5.41316,-19.537231,-16.208126,-15.730675,-14.339507,-0.080784075,-1.5790259,-1.6400003
Angry,0.047704622,0.07668487935126582,2123.8411493976005,3740.1441604034812,216.73489028874954,-379.53534,61.836174,-4.855794,-8.931667,-0.6165445,5.15527,-20.266459,-15.773789,-17.309282,-11.56063,-0.7320865,-10.111093,1.2444704
Angry,0.0387595,0.08487477022058823,2437.858128381176,4380.228946461397,242.64488426183706,-375.00705,58.968445,-14.949503,-6.895937,-5.101957,0.61456126,-25.016272,0.03123463,-18.923952,-1.822211,-8.206172,-4.042133,4.8705606
Angry,0.043755356,0.08827652469758064,2178.445417092076,3576.8463489163305,256.0826251536254,-383.17206,61.28877,-12.446917,-12.702922,-9.955606,-1.4608568,-26.050728,-4.7335105,-17.670467,-3.4935021,-4.9653716,-2.7741292,3.4931269
Angry,0.024276761,0.08065580985915492,2349.309693604515,4364.224127970951,250.07063442113107,-435.55194,52.557774,-10.590982,-6.1936984,-9.986404,3.986509,-13.313185,-1.8014848,-12.212209,-1.4794217,-9.500158,1.7542907,4.5444374
Angry,0.03763001,0.09281512004573171,2733.221863216414,5125.114067263719,219.24105257713762,-408.03796,42.982937,-2.6829622,-3.7499335,-7.3702826,7.9253445,-21.440622,-16.160559,-14.770293,-11.386108,3.9027503,-0.58884925,3.6325855
Angry,0.041042134,0.0869330864448052,2082.615663812414,3375.93651075487,225.7077618306812,-390.88367,68.690155,-4.712934,-18.306408,-16.77073,3.2249465,-20.892776,-18.019564,-14.472447,-10.674538,0.4829002,-2.1998208,0.79121435
Angry,0.021435775,0.08834546232876712,2600.955607870285,4826.330867401541,336.3695583931025,-435.79553,46.301228,-10.662004,-3.0677986,-8.243776,2.1861136,-19.19125,-0.15085417,-12.656592,-0.8325246,-9.983482,1.8665943,7.5463967
Angry,0.043722946,0.07759915865384616,2036.9310679083212,3399.595703125,213.10301718474113,-397.94705,63.05249,-4.1960826,-6.303654,-0.063713126,20.63414,-22.829634,-26.035385,-19.732357,-9.830462,-2.304829,-6.1614075,2.3554432
Angry,0.032437105,0.10716453758445946,2848.5031895286465,4919.6259105785475,250.46866944748487,-385.10577,43.59281,-8.111153,-1.6325607,-6.6677794,-0.7989089,-25.69378,-0.9167578,-8.497077,-3.5435338,-4.599647,-2.02433,-5.7103133
Angry,0.028663391,0.07940508868243243,2210.591890497542,4009.1270191089525,235.31863294212425,-415.89853,51.330833,-6.7283287,-2.6969292,-13.203338,6.405886,-17.33995,-4.869313,-10.822568,-6.70361,-9.052997,3.757396,-2.082795
Angry,0.034404032,0.0771227384868421,2579.5859695216604,4643.6605031866775,227.7899495393573,-416.99554,45.685993,1.6831465,1.8347763,1.1207076,3.9574456,-15.153918,-15.286531,-13.162533,-11.804427,-1.1620766,-0.98268396,0.6375451
Sad,0.008310443,0.06923272357723577,2011.1216600620173,3909.6670160060976,174.46159133563305,-547.2303,82.73791,23.676886,14.329999,12.155833,21.250177,-11.960517,-7.052242,-14.960153,5.1520905,-8.99724,4.331645,-1.6116129
Sad,0.010087441,0.07947591145833334,1939.356898392429,3235.530517578125,177.85019142618427,-533.36523,85.17565,27.995874,11.654024,7.286269,14.856525,-6.5734153,-7.4741254,-15.797822,4.958557,-8.528319,0.4853156,0.97207034
Sad,0.011933025,0.0885694550304878,2201.0248861007954,3936.0286775914633,178.57623909881934,-529.54706,71.15394,28.712393,18.46206,18.448526,14.046063,-13.049921,-16.82653,-17.538458,5.693889,-10.389646,-1.3610902,0.9595105
Sad,0.010876312,0.06987147177419355,1967.59307678472,3602.8031439012098,167.91255613849262,-521.1076,86.537544,26.307562,12.789685,14.19542,18.621153,-7.596902,-4.034964,-15.08805,3.3199472,-4.5617027,3.3563902,-3.882854
Sad,0.013130644,0.06145187904094827,1794.2557197272638,3491.076213968211,168.19060907424154,-550.7667,87.76883,39.237804,22.412317,16.798958,12.414924,-0.22861089,2.7852907,-10.509291,-1.78078,-9.402809,-3.6857436,-7.1951394
Sad,0.00955226,0.06641045932112069,1772.5820418774417,3098.7142291891164,173.60314209077694,-555.3121,84.21561,27.684711,21.94081,22.04842,16.442669,-12.035107,-14.888498,-14.885868,4.962005,-7.7236648,-3.3131406,1.97056
Sad,0.01317668,0.06985726033834587,1975.4714448755467,3751.6770368303573,508.4066483727327,-521.07635,70.70565,25.53972,13.429229,15.211815,14.475977,-3.1181488,-6.7960978,-8.650676,2.2690942,-5.103087,0.8031243,0.48558688
Sad,0.0140961595,0.06807521132172131,1885.4728938927599,3693.0357085681353,183.95276848848917,-535.88226,80.37584,35.003742,16.6004,11.244953,7.675479,-0.43103915,-1.7108582,-6.161946,-0.8538946,-5.7339635,0.19055457,-1.6220783
Sad,0.012161226,0.06899662341101695,1752.8580151912402,3007.8043150820977,164.27881589735267,-532.85034,91.19844,39.85194,22.857107,11.981731,11.006751,-9.078965,-6.969597,-16.376593,1.0628911,-10.228567,-2.1828833,-3.065296
Sad,0.013139029,0.07833251953125,2003.6104603469773,3686.2398193359377,176.1042067033994,-537.2491,76.526596,32.862392,14.531668,15.606781,12.396869,3.736696,-6.4500537,-12.163141,3.550635,-7.432626,2.4229777,0.5944341
Sad,0.012144374,0.07164417613636363,2022.9725560518664,3858.8243801652893,179.01675090950485,-535.6592,81.11124,32.003292,12.051177,12.2175455,10.127236,-1.7620664,-5.4242563,-9.368883,3.4388216,-8.0634985,-0.39067134,1.677158
Sad,0.008552214,0.07218270931603774,1781.9786203517174,3344.599240860849,185.59295817578618,-586.17145,87.46701,39.80352,15.959351,16.699955,20.611082,-13.074811,-12.240007,-14.286369,6.609195,-9.228719,1.6269788,-0.24964905
Sad,0.0094386535,0.08492170061383929,2123.511256566114,3999.0356794084823,174.9940483591519,-515.71484,83.793785,18.566755,12.702133,15.94992,13.831016,-9.038272,-10.733229,-15.320504,3.4540055,-7.1352983,-1.5028808,0.09792529
Sad,0.0117321,0.07449266387195122,1984.4655608313067,3697.1261194740855,185.3607562713302,-533.15894,85.78509,33.851974,7.080967,6.7124476,9.436546,-2.3636663,-5.6305947,-12.488184,-1.5379665,-7.4724064,-1.3675618,-2.4206977
Sad,0.011398005,0.07846966911764706,2045.1324210358675,3749.67352448792,168.3591148831881,-519.07886,78.75185,28.496231,23.041458,21.42586,12.193333,-7.6249633,-10.765399,-15.259923,-0.2075079,-11.9280815,-4.973527,0.8273162
Sad,0.009255567,0.08583405058262712,2294.2999295790505,4347.693094544492,178.05786139357045,-527.0908,78.37001,23.368572,10.376454,6.4746084,13.763208,-8.821497,-5.829408,-16.272963,4.0332522,-7.9670362,2.5864801,2.7910492
Sad,0.010924213,0.09371397925204918,2122.5211238731085,3774.8208888319673,165.9914524568344,-522.48114,74.75146,25.458773,25.742758,19.75567,11.142827,-9.398991,-3.3007665,-15.171003,-1.0862905,-10.738412,-4.461584,-1.9880601
Sad,0.012246928,0.09474625126008064,2293.5711521077114,4390.63993983115,176.6183645195246,-518.4809,70.64045,26.555258,9.73629,19.450802,12.050088,-6.360941,-10.479545,-12.492329,3.9166489,-8.301845,-1.5159748,0.4550091
Sad,0.017128618,0.08120240283613446,2072.6338909843125,3885.411485688025,180.89447101639848,-490.68152,88.02069,18.570673,6.317885,8.40342,7.594346,0.5026769,-5.211383,-8.623661,-2.4614263,-5.040139,2.9942906,-3.4565606
Sad,0.012708666,0.10439453125,2302.7784853669723,4003.4523352581523,182.78102123942895,-494.63913,67.73568,16.479544,16.505604,13.551111,11.344343,-15.797219,-13.747264,-12.635853,4.0010705,-5.602142,-2.167744,-0.78501946
Sad,0.008804449,0.09945946408991228,2440.128089012646,4766.8954050164475,166.66557942464817,-530.4126,68.758385,20.837727,17.029503,13.398068,16.236948,-9.241751,-9.961219,-13.488842,4.2767687,-8.178174,-0.8812646,1.3841668
Sad,0.011793138,0.10628522028688525,2385.429084067512,4278.6254162397545,178.48188966361542,-522.86127,54.00334,19.240704,27.38466,19.401674,13.785631,-7.593117,-13.101493,-14.309413,0.63166374,-8.014037,-7.022272,1.7849666
Sad,0.011171144,0.09357212611607142,2543.5382964935247,4950.153076171875,180.64151387322522,-535.0543,47.501366,23.88622,21.122444,23.156044,10.50939,-4.3379245,-3.8016694,-8.927987,-2.9801378,-5.316719,2.1043038,1.0800253
Sad,0.010042635,0.09967660212862318,2477.771847654726,4821.830651324728,187.35598782326502,-529.4088,70.018814,21.71677,19.337572,14.850899,7.6283526,2.28276,-8.25654,-9.029877,-1.2763708,-5.3951063,-4.680483,-3.3590584
Sad,0.010209451,0.07987169715447154,2023.154161996788,3891.446455792683,173.72713805589746,-550.67615,77.295006,32.290306,17.353323,8.176534,12.344518,-5.5024714,-10.200235,-14.97355,4.9121203,-8.160881,-1.0286624,0.286302
Sad,0.014226969,0.07254161005434782,1950.9506922180788,3628.2722911005435,181.93223829746603,-510.4569,75.64085,24.691223,5.763702,12.296246,12.46511,-5.012628,-5.2834544,-9.606298,2.87604,-3.8966568,2.701787,2.3016078
Sad,0.0077498876,0.06804220085470085,1980.4555528329606,3856.4615885416665,180.66479752329508,-554.4127,79.86542,26.005566,24.541134,23.478765,15.238378,-11.059879,-8.001444,-16.475454,5.587827,-9.135627,-3.1361992,2.6947048
Sad,0.01566735,0.08026738129844961,2026.9119502149651,3928.1670603197676,180.95362368629003,-523.1876,72.04564,32.274982,14.017047,19.48074,11.796408,-5.973193,-9.730501,-11.341251,3.492651,-9.398799,0.08157834,-1.7286344
Sad,0.014581247,0.07885537027310924,2190.1890076983486,4141.96124113708,179.95226341631985,-508.03293,78.64698,31.427727,10.300426,13.132978,11.160656,-1.1534121,-9.515748,-10.8642845,5.872346,-8.374385,-0.9615797,-3.8127031
Sad,0.01709227,0.07491966985887097,1874.2171920551273,3151.1549111643144,173.2781139311933,-521.28864,70.16159,34.810635,17.650635,24.823378,15.06836,-4.655683,-9.45743,-11.609495,-0.18982813,-10.682809,-1.5473615,-0.13363084
Sad,0.013708141,0.07218985721982758,1910.3960344280617,3583.8742423221984,167.7265177248679,-518.2432,92.31802,33.167313,8.797322,15.531471,15.340796,-0.7003232,-5.888305,-13.281934,0.69581985,-7.202821,-1.5508953,-3.4512074
Sad,0.011209495,0.07355859375,1965.4366624650593,3866.0904140625,171.4350232454497,-559.37885,67.03696,27.261137,21.03168,18.155684,17.965265,-6.9877944,-5.199977,-13.178165,5.3601017,-7.6015162,0.27582818,1.1325519
Sad,0.011031572,0.08929989202235772,2276.184825047533,4112.419207317073,174.3873234222659,-532.5437,64.781845,19.843048,23.361975,18.164175,9.780916,-9.545447,-13.326244,-14.23003,2.6476526,-5.779668,-4.0438395,1.6170757
Sad,0.011367647,0.07733308167016807,1939.816874507323,3308.60028230042,173.5939050682941,-528.01697,84.49023,24.429525,15.528809,11.354845,12.224319,-11.337316,-11.092664,-18.425413,5.7318006,-7.66131,-2.2899516,-0.23967049
Sad,0.010596443,0.07629907431722689,2031.7388228948241,3741.5592995010506,169.70345229880198,-530.6645,87.519066,34.38814,13.476001,13.740793,16.300594,-7.5817156,-4.92832,-16.597351,1.1147599,-8.689801,-1.763058,2.5180588
Sad,0.009154424,0.09168488388761468,2033.5702782109659,3469.965739678899,170.47000039958,-528.8821,93.07297,36.89013,18.018314,6.883813,12.3165655,-15.032241,-4.6701694,-17.512486,5.552185,-10.613878,0.1841017,-0.31654125
Sad,0.015887044,0.07847068584070796,1941.4963142694278,3592.726700774336,177.37232264920357,-507.57068,94.46121,34.533142,5.790995,11.361686,7.3314953,1.8518033,-8.911773,-13.69773,0.88255495,-8.384415,-3.9099638,-4.308415
Sad,0.0143691385,0.10784306416984733,2469.185659589136,4308.540292521469,174.68533217030554,-494.00436,70.630295,28.657225,5.4698963,15.085172,11.648871,-7.2662945,-9.778119,-14.459635,1.629402,-8.041406,-0.009805548,-0.8290011
Sad,0.01618882,0.09852612920168068,2329.6133409527297,3886.212890625,182.9695257452088,-490.98846,90.62238,40.20631,9.49312,3.3655984,5.954773,-3.7158632,-5.1133704,-11.039271,-1.7655264,-4.1984124,1.6088022,-7.540979
Sad,0.0153116975,0.1084714874507874,2483.666939481562,4252.944781926673,175.9672456185952,-491.79877,80.29449,30.296404,-2.0086346,15.139477,13.928702,-2.2019277,-8.4206,-13.884526,4.456337,-9.339449,1.6597416,1.7126431
Sad,0.014956649,0.10766396402310924,2547.1472904855964,4589.245371586135,184.83042750331575,-477.9945,79.60675,18.540028,4.691605,9.979832,12.821027,-4.3380847,-10.2183,-8.4704,-0.015718091,-3.3447375,0.7359754,-6.9279604
Sad,0.00929466,0.11527797154017858,2619.4086091374556,4597.63507952009,168.37709545849285,-523.0488,68.23671,24.584362,17.968779,19.109213,16.373407,-18.969053,-10.563338,-13.5791855,3.7540393,-7.977241,-0.4503406,2.6185184
Sad,0.0104160365,0.11479011910860656,2481.0289570048944,4295.529641073258,169.9566942192893,-505.57678,79.88738,18.509079,8.238008,16.024853,11.722543,-11.69083,-10.010292,-16.011854,4.1222987,-8.06907,-2.2014775,2.098944
Sad,0.008692049,0.10308627424568965,2527.9622768939116,4373.530997440733,169.13618252301782,-537.53674,75.5577,31.15716,15.9577875,19.38869,19.037197,-6.279948,-10.202358,-14.796979,2.7623703,-12.963366,-1.3425988,4.073049
Sad,0.012180095,0.0697422694493007,2028.663784514993,4078.531161221591,177.07837744649498,-545.2851,83.5802,20.015818,10.635471,13.535886,13.489037,1.0585814,-4.6242633,-4.642406,1.9170327,-0.35520133,1.3344219,-1.0112513
Sad,0.010135124,0.0939960331879845,2323.912578243139,4285.794013444767,181.0388531578944,-511.01877,72.31828,14.981921,15.549601,17.71439,15.136214,-12.455909,-10.893916,-13.18217,8.308633,-7.7326074,-2.6873174,3.7459056
Sad,0.015287641,0.09767688160211267,2298.1283902046007,4146.038106569102,181.72517780403234,-499.9529,66.98273,27.323116,18.374464,22.310534,10.202891,-3.6279373,-7.5344667,-15.213723,2.9890404,-11.284407,-1.6027073,-1.6638695
Sad,0.01110581,0.08864339192708333,2052.613891782657,3567.726220703125,175.2417029907364,-527.50543,76.07866,28.07834,15.555682,18.541521,17.96191,-4.935064,-13.140071,-18.07471,2.8965147,-8.628375,-8.957563,1.3675773
Sad,0.009708186,0.08138586956521739,2152.4992982639787,4015.476893682065,163.4476015560104,-540.45624,74.49226,24.429796,18.874046,21.253284,18.450798,-13.307216,-11.591028,-14.985594,8.267333,-10.944733,-1.7268257,3.1319518
Sad,0.0164256,0.08878455528846153,2242.5652687708953,4304.9115234375,171.9220161088268,-500.73425,70.35555,28.17279,15.82678,17.694279,12.50868,-4.499836,-6.390745,-14.672878,0.011641107,-9.183167,-4.7842755,-4.781803
Sad,0.01591528,0.07154482886904762,2027.8966491504004,3760.9488467261904,181.40128946122059,-523.51385,82.05269,40.607853,10.574032,7.4638486,10.248743,-4.3403597,-4.926209,-14.632032,4.2237597,-8.363139,-1.9145027,-3.4042368
Sad,0.013349534,0.08999528556034483,2121.752159799932,3805.2329943426726,179.37231458068172,-526.57446,69.13007,29.146704,15.54915,14.164171,18.93164,-12.425547,-14.339056,-16.05691,2.52529,-12.528812,-1.3841984,3.2298667
Sad,0.011795908,0.0811279296875,2257.3688327543946,4419.573754882813,171.67358841632742,-539.48517,73.37069,34.94315,15.767685,18.418262,17.053062,8.198516,-9.797166,-10.918499,5.1603765,-9.851943,0.40542194,-1.813808
Sad,0.013240528,0.08611246744791666,1928.3404029497992,3222.3181884765627,174.697241353047,-520.37445,83.89555,25.830404,14.37884,12.99352,17.84582,-8.244024,-16.063692,-17.446712,2.9703486,-8.624331,-5.869853,-2.0744321
Sad,0.010309218,0.08638946280991736,2046.783887512135,3578.4369673295455,179.60890954217803,-516.16693,83.34836,11.771586,7.461081,11.729535,16.031893,-14.34113,-9.26589,-14.009341,7.8542185,-9.268856,5.4963393,-1.2772741
Sad,0.011246818,0.07958142510775862,1898.208248178798,3326.547262257543,164.76178668907258,-524.1481,94.30394,29.07977,10.966867,0.3750513,12.070373,-14.918996,-9.266652,-12.979516,3.8350265,-7.4212937,1.7945492,0.18020557
Sad,0.014357302,0.09044437914823009,2160.569022070742,3768.797315749447,187.18879967825873,-468.73172,92.11039,14.772867,4.799042,9.213232,10.824943,-4.696496,-12.441389,-5.997209,2.0981417,-5.044508,2.871561,-5.995882
Sad,0.012618946,0.08510044642857142,2118.039977340163,3913.034912109375,166.84193616697993,-517.33203,76.65053,27.107012,17.93105,23.878735,9.559798,-6.6427917,-11.52447,-15.009833,5.3126297,-12.409978,-4.3957114,0.13852835
Sad,0.008592061,0.07811237203663793,2057.267031715467,3915.193005792026,163.9576014068526,-511.03345,87.45484,17.449081,11.966123,11.854211,17.477604,-20.700684,-11.411073,-19.512032,11.005825,-8.207325,3.6133554,1.2907311
Sad,0.011357605,0.09244791666666667,2270.2797003487703,4199.656831287202,185.0328372241409,-505.61398,74.62515,24.268549,21.36227,22.446692,11.074928,-11.44615,-17.599382,-17.659338,7.592632,-11.922619,-3.098654,0.7677772
Sad,0.013101295,0.09008388831967214,2010.569845220886,3569.9182329021514,180.744537874318,-495.04517,92.39703,10.967219,0.47931486,10.195151,16.172594,-12.846502,-17.284695,-11.771603,7.3490553,-11.4939995,3.4149125,2.0824523
Sad,0.012784086,0.08503999255952381,2216.324565876993,4249.516462053572,188.78140623493684,-501.16315,69.700455,18.13834,16.917202,17.638283,11.947882,-16.352655,-13.803651,-19.368685,7.5486083,-14.621003,-1.0211974,3.215112
Sad,0.009924146,0.07708203125,1780.7211340286426,3041.068875,170.4749375884629,-538.5788,96.9329,32.878952,21.364779,9.752754,8.55625,-11.8153105,-9.279933,-19.844673,7.684477,-5.8067703,1.0134428,3.726751
Sad,0.016464911,0.06959364149305555,1670.198131064067,2768.5182834201387,173.46877847899248,-505.45267,109.09437,38.49827,11.693861,2.184084,3.534271,-2.9155862,-4.2017217,-13.332584,-2.6364625,-7.0947776,-2.089341,-8.224791
Sad,0.015990622,0.06945180084745763,1628.8280003228915,2676.7468220338983,177.81116812994475,-496.42322,117.08372,26.159857,-3.7229912,4.5797796,12.304396,3.4065652,-14.412517,-13.878669,1.8621048,-12.877413,-1.4696685,-2.6606913
Sad,0.010637737,0.08289599236641221,2194.5633759716125,4146.561672531011,182.76936955900175,-526.70276,74.35561,12.454045,11.133221,15.617105,11.760173,-9.182188,-10.12645,-12.906198,7.012519,-5.158691,4.561324,5.1488566
Sad,0.01438915,0.0853374933792373,2124.210512874982,3818.5264333951272,164.494353424256,-510.88483,80.108185,31.197794,19.870281,15.955826,9.210901,-0.39701745,-5.517933,-7.0733476,-2.7606761,-6.0653524,-1.9153484,-4.0829697
Sad,0.015164062,0.0793212890625,1954.2538358755953,3520.5393310546874,171.34750000704838,-511.90225,95.22381,29.610998,5.0372176,14.569611,13.194785,-0.8058826,-11.056838,-11.052534,1.9944938,-7.574699,-2.3064458,-1.1628317
Sad,0.012980386,0.07980550130208333,1967.598370826798,3369.24326171875,181.35371211226393,-511.65027,80.43991,24.272583,15.205134,14.581033,11.1255045,-10.057186,-9.648238,-13.682264,-1.5915436,-8.372587,-6.795394,-1.868334
Sad,0.009497197,0.0825546875,2164.9356485484377,4046.429765625,167.0740849034867,-538.03955,70.965576,23.590874,23.12742,20.11356,13.747434,-5.567666,-6.109972,-15.842457,1.2745239,-4.800258,-3.1655903,0.021332381
Sad,0.012845467,0.09138857085129311,2145.4943632571576,3682.4271871632545,174.40568157970452,-511.831,72.27276,26.929382,15.5254,19.66146,16.815863,-8.192567,-9.44859,-19.68368,1.5244329,-8.535704,-4.548565,1.6391917
Sad,0.009701138,0.08955320247933884,2398.3755511350623,4450.829989346591,170.75919509504047,-535.81744,62.05392,25.045546,24.042543,19.798906,15.835559,-7.2481637,-10.307862,-18.127312,4.2256823,-6.956599,-0.887251,1.3229011
Sad,0.012729152,0.08183019301470588,2029.929920105674,3753.8809004070376,168.24820007556423,-529.92224,81.66233,36.693447,21.796467,13.7748165,8.730157,3.2639418,-5.6080456,-12.188066,0.6387878,-7.4893723,-4.4345427,-6.6728773
Sad,0.008763152,0.07888862781954888,2174.834460181721,4301.651719631109,176.9131225976019,-572.85187,56.542118,23.401217,23.304564,21.460533,17.863993,-3.2087977,-5.4835744,-11.456817,5.1849494,-5.6115236,2.5512834,4.344678
Sad,0.014312156,0.09580243644067797,2316.465751293183,4281.724054886123,175.0226605459724,-502.30948,64.87481,21.572926,19.366468,23.53585,8.337826,-18.105257,-16.983873,-11.02771,2.2515101,-13.3450165,-1.9790448,5.125806
Sad,0.009594938,0.0995546875,2383.129464893004,4542.720609375,168.4793148368752,-538.1614,62.193504,17.883215,23.318602,21.362778,14.982215,-9.625864,-12.1684885,-14.547429,9.179944,-12.259233,0.39996335,6.826831
Sad,0.009168651,0.07282872353830645,1961.2819152621466,3666.0608146421373,169.8780301562959,-552.37756,76.53716,24.350624,23.408754,16.924503,9.830256,-3.8628721,-6.1472936,-16.125484,8.988509,-9.287684,0.2818634,3.8613892
Sad,0.015001018,0.060334752817622954,1882.6146501190256,3820.0616755251026,168.02851855580363,-515.9927,83.57086,31.283873,20.059744,19.280521,6.1271234,-0.48882103,-3.9428463,-10.009136,-0.607357,-5.989022,-5.2765303,-4.3143253
Sad,0.011799604,0.07995986938476562,2033.8488744356737,3812.5454635620117,172.3170360788804,-521.57605,84.682076,19.178238,11.3119545,19.900526,15.712572,-3.2995327,-13.87684,-8.927352,6.2931337,-4.251611,-0.7321336,0.3154673
Sad,0.012396967,0.06796390754132231,1817.175470131018,3177.2642529700415,171.2646527251021,-501.25208,106.70828,25.017668,6.783329,10.469269,11.131888,-0.060408648,-7.7604804,-15.149111,1.0643451,-6.7830644,-2.8954322,-2.8672423
Sad,0.012406465,0.0868797971491228,2191.539617915092,4167.8179738898025,177.03631494529589,-518.34174,68.86175,26.652224,22.94848,17.775042,14.70832,-9.96312,-10.923825,-16.566526,-0.99874943,-11.205671,-3.9188833,-0.20193595
Sad,0.013427066,0.06610903532608696,1769.6262405156795,3020.237364130435,168.71266100635577,-517.7623,102.11686,35.141884,12.734231,7.4018354,8.073518,-4.13705,-10.2095785,-14.879208,-0.85972923,-9.863889,-4.6587977,-3.500284
Sad,0.012484267,0.07497186175847458,1842.2002045825434,3054.0735649496823,168.69600069205163,-523.90027,82.5212,34.00289,26.57481,16.783201,14.418327,-10.767685,-8.252638,-16.530033,-2.7331965,-12.930027,-3.4282382,-3.2038603
Sad,0.010377032,0.09808981007543104,2011.6469946633874,3396.7366901266164,176.83126065752793,-527.276,90.23841,34.801594,10.083529,6.5236983,20.383133,-5.663052,-13.667043,-20.747486,0.4976263,-8.743777,-2.6169653,-2.7515645
Sad,0.00700277,0.10585071194556452,2527.725733564923,4760.476200226814,164.83246701089834,-546.85425,59.381413,25.625452,28.505953,18.629536,20.85803,-7.1722937,-8.257596,-19.573227,5.095975,-13.254039,2.0035393,1.3196123
Sad,0.011459518,0.07853660898760331,1983.965206265956,3504.547100981405,175.71190744221263,-538.03,68.88504,31.290283,21.165611,16.548624,20.84421,-11.361918,-6.8049603,-17.372725,2.9083319,-10.639289,-0.61283404,-1.2613392
Sad,0.010854956,0.0748975800304878,2123.4226528748304,4119.6880478277435,174.8075627024511,-517.6004,76.52426,24.984398,16.514498,15.066718,16.41041,-9.184395,-7.671016,-20.509716,4.474606,-8.997519,-0.4844673,2.2136643
Sad,0.01650652,0.0715060763888889,1706.4069854750069,2966.537651909722,178.37718698085112,-502.0311,100.53666,36.484818,11.692327,14.778584,10.605365,-0.56761914,-11.689961,-15.015778,-3.6049268,-10.931184,-6.0679536,-9.42363
Sad,0.009763413,0.08452785326086956,2046.8980641252156,3515.1101392663045,168.43859172017784,-528.219,83.285866,31.79459,14.452239,13.813048,21.061188,-9.847988,-12.955494,-19.644987,-0.37983721,-9.317906,0.082266234,0.5084278
Sad,0.012752962,0.08118057250976562,2082.349015640004,3854.6411361694336,172.44174062341642,-526.45966,74.860725,34.734024,14.270106,12.943264,11.089125,-4.4235907,-7.7107487,-14.976661,4.160494,-7.083189,-2.068834,1.2821411
Sad,0.010745906,0.07947746155753968,1864.552034172023,3065.8469354538693,161.76916086570873,-519.5281,94.06259,36.260098,14.00319,4.2962756,13.354877,-11.240703,-7.7780757,-21.41327,1.4954515,-12.935973,-1.862782,-0.52723134
Sad,0.013893597,0.07683961004273504,1788.4237988216144,3008.0400390625,177.31462310880448,-519.8649,91.43043,31.333157,10.696668,8.807133,12.339945,-7.598211,-9.674817,-18.984936,1.2430179,-10.283935,-1.2306787,-0.03373697
Sad,0.00992135,0.0690774356617647,1822.6272935138816,3141.0064748555674,166.45721559800097,-529.1175,87.71557,32.14287,21.689878,14.332315,19.688566,-0.41256732,-6.55966,-23.541853,-0.29687038,-16.333996,0.18625012,-0.37281537
Sad,0.011986813,0.08547700711382114,2072.3048814492795,3723.2939453125,169.16888284311432,-514.80914,89.63561,33.283813,8.906127,7.426494,8.627731,1.0327047,-5.3958745,-11.455352,3.3534458,-3.6780257,0.46451232,0.508536
Sad,0.013636215,0.06938754446138211,1782.2980737931746,2931.571836890244,181.00145590924737,-506.703,94.90961,28.835875,10.512206,7.9134817,9.618708,-0.18457112,-7.1395583,-13.187386,-3.158358,-9.471088,-0.43678483,-3.344785
Sad,0.011816558,0.09734392595720721,2147.654375132399,3975.3511402027025,175.2182884131289,-523.72534,78.5345,27.238161,10.850473,11.125102,18.983604,-14.955917,-10.745009,-18.171247,6.5671687,-11.7364,1.386588,-2.2545977
Sad,0.010741736,0.07642008463541666,2060.6595087720893,3717.0354736328127,169.39371444066555,-533.71906,75.45313,26.764128,20.72401,21.269642,12.998581,-13.282133,-9.325314,-16.843697,1.1468322,-9.495553,-3.1856308,0.7814065
Sad,0.008452331,0.08222153607536764,2172.4093605722173,4114.024765912224,172.30488159778614,-542.4102,76.3117,22.853329,13.044213,19.103668,17.92674,-8.959915,-6.668202,-13.353653,5.1417933,-4.889057,-1.2847257,0.26757026
Sad,0.013102718,0.07899609375,1969.3681745321414,3352.2520078125,169.2688518813988,-520.7761,88.65823,32.97185,5.7768908,15.891496,22.995659,-5.1019964,-17.644339,-21.097141,0.8258794,-10.434002,-2.360615,-1.4441477
Sad,0.009907854,0.094,2381.6705624916276,4250.3248125,177.97888441892604,-524.2501,67.67923,28.651886,17.979094,13.442549,19.187883,-11.3042145,-8.639431,-20.71668,9.455772,-9.954557,-4.8116155,-1.7176193
Sad,0.013523678,0.0800030048076923,1978.404514447691,3450.0302734375,182.27853010834548,-510.97333,88.17185,27.160797,9.597875,14.379703,11.999046,-8.400387,-14.488639,-10.064176,2.6898823,-7.556836,-6.1711826,-4.5929832
Sad,0.0115977805,0.06493767891221373,1835.4644134079238,3278.611067211355,175.10122239182093,-541.216,84.9122,35.675243,16.298985,9.794553,14.335069,-4.6531434,-2.3586233,-20.208872,1.1051265,-7.079013,-2.8215828,-1.9704571
Sad,0.010334314,0.0899094012605042,1999.17968916741,3441.7336774553573,168.3580278779504,-518.9203,88.43519,32.047718,11.717528,4.93482,13.6301155,-11.76959,-5.2234645,-18.91569,0.7457374,-11.001113,-1.4970912,-0.20622677
Sad,0.0135195805,0.07788479712701613,1837.9001626086397,3206.5294071320563,182.33229546441657,-526.6724,96.462395,44.941227,13.885324,10.668433,7.75359,-1.6248423,-2.6060166,-13.070491,-2.0144134,-6.2522497,-3.5574138,-6.371158
Sad,0.010156556,0.07377292798913043,1818.5418432207764,3108.348352581522,167.20346151011262,-547.4523,85.588356,36.57223,19.12383,15.031685,19.200735,-8.183224,-10.268859,-16.192144,0.52612036,-16.323895,-0.86322737,-0.13440989
Sad,0.0139605105,0.06741015625,1717.8774417788904,2842.32365625,168.42660097296852,-521.4392,98.02593,37.55239,9.005055,16.4231,14.542875,-5.550243,-4.0741568,-13.285697,-3.219038,-9.739412,-4.578666,-5.0366545
Sad,0.014505498,0.07595799974173553,1747.9314595378564,2818.9476610924585,176.61618457279314,-519.89087,89.95809,32.75306,12.532135,7.1103992,14.204605,-1.7304376,0.5002736,-16.682735,0.011675905,-9.361458,-0.58109176,-2.8275363
Sad,0.012564627,0.059143546998031496,2042.6309651891117,3950.0413232037404,171.4315394502596,-516.6748,76.3616,30.13664,11.664568,10.506608,15.701354,-3.195288,-3.6354518,-19.456547,3.0448449,-6.8548903,-1.7414018,-2.053279
Sad,0.012227339,0.06334693030973451,1881.4833885032224,3431.847319206305,170.02882600340504,-510.46414,93.81692,31.912212,13.362025,22.394737,10.577737,-13.73146,-9.650892,-9.945214,0.45962209,-9.538137,-5.239949,0.17186579
Sad,0.012602545,0.0748359375,1823.4652532757211,3093.902296875,174.34196157965593,-527.5164,82.480225,32.002243,21.177343,20.488026,11.824913,-7.091908,-5.0657444,-18.15111,0.7292186,-9.519668,-6.9005666,-5.0042725
Sad,0.012170453,0.07459309895833334,1833.8186790128946,3158.1440185546876,178.5019527925849,-536.09875,80.48112,33.082684,17.314892,21.059847,17.019588,-12.337081,-12.48447,-18.11249,3.1137786,-12.719317,-3.0047293,-2.872796
Sad,0.0076257363,0.07982073643410853,2089.55780537797,3868.4701580668607,169.39569226056634,-563.8322,71.41703,27.518856,26.193447,22.193441,16.765488,-10.220032,-7.7324986,-16.753504,4.839311,-9.162979,-0.14950348,1.1393713
Sad,0.012401538,0.10391684835271318,2507.6199344822244,4598.9717251090115,178.24684691944253,-499.54193,62.426495,26.559977,17.108425,14.152995,15.272204,-5.6601505,-5.3771415,-16.92409,3.4823804,-8.602333,-0.091191135,-3.330502
Sad,0.0102869915,0.07618815104166667,1879.7127055099932,3228.0799560546875,179.85783020085722,-546.97864,85.16894,35.565914,20.171886,13.4814825,16.707499,-6.7297006,-3.6986275,-18.890877,0.11328049,-9.077789,-2.0301757,-5.651926
Sad,0.010541364,0.07844195449561403,1887.0514395458442,3264.2347861842104,164.00940026555918,-531.0986,86.09087,32.165157,13.467068,12.311871,19.896852,-8.356213,-1.8881458,-18.915146,-0.76941806,-11.669146,-1.1372756,-4.3014474
Sad,0.013837248,0.08246527777777778,2010.8936598166454,3637.40234375,184.27090351185583,-511.56647,69.00092,21.649214,9.976744,14.257936,15.499927,-19.977644,-12.592971,-7.711915,6.67769,-5.971585,-0.20290531,-0.19323204
Sad,0.015027449,0.10583844866071429,2375.3166918558563,4250.055740792411,442.0579976777827,-499.2457,54.58097,26.246437,21.87877,20.188118,9.884254,-8.199117,-10.533709,-9.506745,4.2514744,-9.39462,-1.9240946,3.2240894
Sad,0.009721913,0.08003603178879311,1984.3958866525816,3613.6764884159484,211.9483570461356,-544.7508,79.73438,32.498623,24.18591,18.990696,12.009311,-14.087686,-6.7043657,-14.128029,4.0826426,-10.476159,-3.5134044,-1.8162669
Sad,0.008364277,0.0737420029527559,2174.7763341202685,4002.9813761072833,165.2411527743274,-539.2979,74.45597,19.392786,16.753922,14.498857,17.899616,-12.005845,-12.539627,-2.896872,7.0555134,-4.744573,4.253204,0.7181179
Sad,0.009984826,0.07857082201086957,1830.659916488815,3329.5587635869565,170.3037632242376,-546.9418,97.40005,36.109234,6.8424134,6.8880005,15.603325,-13.30992,-11.712293,-14.353132,6.922977,-9.320826,1.0447292,-1.4139988
Sad,0.010730941,0.07748314642137097,1996.3869188186677,3895.5381095640123,171.50265165549334,-535.38354,71.71883,24.034655,20.047403,22.924614,17.364729,-20.99461,-14.137537,-10.727842,5.267359,-12.548031,-1.3812705,6.0960345
Sad,0.008430789,0.08542371152052239,2241.306253336807,4371.76709713153,173.1838626850868,-553.87885,72.787575,21.576588,11.383524,15.33086,18.360296,-8.655032,-14.135655,-13.806744,5.697524,-5.2991853,2.8779647,4.9659343
Sad,0.009986364,0.0920138888888889,2359.593900319731,4267.783528645833,168.4754007560253,-533.4339,72.56317,35.944637,17.630638,10.217549,11.255326,-13.057861,-12.414835,-17.17794,7.053901,-7.191212,-3.3665826,0.35128313
Sad,0.011153395,0.0891509748931624,2241.2024933538655,4493.159830729167,178.30096470766577,-527.8864,64.51526,24.472683,18.504246,13.881931,14.767653,-14.975676,-10.242716,-10.5506525,5.6417823,-7.0293655,2.5016532,2.6495025
Sad,0.009722835,0.07958584144467214,2127.3916598657397,3869.5040903560453,181.60826374108524,-555.40845,69.25843,26.000683,16.886686,15.365801,17.411268,-13.526788,-7.230669,-14.452113,5.4372354,-8.751502,2.5420668,2.6509233
Sad,0.009806948,0.08519446331521739,1878.483490475381,3221.3377377717393,176.62739994487262,-551.34534,86.74314,35.66521,26.927355,7.0618396,10.67347,-15.38051,-11.809647,-20.141634,5.974157,-8.699286,1.1757618,-1.7937742
Sad,0.011628093,0.0805704416322314,1832.5971073129604,3034.8045906508264,184.6222783024939,-536.07526,85.83547,35.481388,14.390112,9.008657,6.2713203,-11.580464,-12.821362,-9.913577,2.7487762,-4.0802736,-1.8262935,2.9955547
Sad,0.011405962,0.07408796037946429,1966.8414988900452,3696.0106985909597,187.1133611815532,-542.2233,79.56733,23.06581,9.790122,11.123496,9.953172,-6.7926307,-9.894694,-10.112091,5.1165686,-3.8563182,3.1285641,6.0216665
Sad,0.010001043,0.0717274463959854,1993.6053586187616,3750.3842595232663,180.94603679207364,-540.1822,92.14542,25.805893,3.1707587,15.315768,13.8882675,-8.985426,-18.301477,-10.407419,3.4711366,-5.7314215,-1.0385373,0.6588214
Sad,0.013432979,0.07597249348958333,1944.962740480759,3315.400537109375,176.79742938919637,-528.50836,85.03063,29.777782,12.908649,22.898224,12.127533,-14.777707,-18.642242,-14.019747,2.4853292,-9.2153225,-5.8471265,4.676696
Sad,0.010072905,0.07786277488425926,1961.3012185693215,3391.49560546875,210.31897155905804,-537.5809,83.45699,32.832172,11.967912,15.21405,21.780563,-9.998615,-11.338554,-21.68955,4.1000156,-16.318472,-1.1157691,-1.6303824
Sad,0.011102587,0.08135327675359712,2160.4985813440103,3927.9789160858813,169.98946513270008,-524.6402,78.007385,26.526487,10.649679,16.906475,11.669784,-9.615118,-18.285698,-12.907471,4.5123057,-7.671247,-3.9304976,3.8564913
Sad,0.009277253,0.07371377537393162,1857.9309333924448,3219.7633463541665,167.00050820013178,-529.9077,94.71146,22.296038,6.3800435,11.920109,18.79417,-11.442182,-17.588924,-14.310457,5.4615393,-8.139879,-0.7186222,-4.1164227
Sad,0.009769652,0.074951171875,2032.1191747219461,3813.3960693359377,186.3001156823797,-555.5871,74.143,30.201097,18.65312,19.298012,15.384692,-5.221137,-13.085817,-20.550842,1.9627796,-7.809243,0.860115,-0.42023957
Sad,0.010139946,0.0782615532309322,1959.292270627768,3385.9392545021187,176.35095865417017,-538.9745,83.61362,27.566822,12.787682,22.39846,18.052664,-7.229774,-16.092031,-20.735912,4.244187,-12.392688,-1.335655,-1.7578115
Sad,0.007675292,0.07299596020299146,1896.2562173846206,3213.5481770833335,168.60499845741717,-555.5279,95.84365,35.65995,16.380133,17.324451,17.877739,-12.339906,-18.621313,-14.469939,1.7859766,-10.71281,-1.68088,5.2155824
Sad,0.0113976905,0.06663626678719008,1736.1180871128406,3017.0710227272725,170.78604190524365,-531.4366,93.712006,29.203928,11.32743,14.01371,15.8523855,-7.9399943,-17.004366,-18.768066,6.5748177,-12.538188,-5.6991286,-3.0068977
Sad,0.010938195,0.08465828383264463,1949.3999774346346,3282.1878631844006,175.31068988006606,-533.87256,78.59513,25.333471,11.490272,13.430278,19.68653,-14.6070385,-16.66679,-16.813307,4.154538,-11.528665,-0.3127725,4.3402557
Sad,0.011165093,0.07593853705752213,1791.2439299948517,3175.9172341675885,172.5236724304798,-535.28503,96.13452,36.729946,13.628711,8.768111,13.224297,-10.290766,-15.384704,-17.648201,1.518481,-12.509393,-4.1171074,-4.5208516
Sad,0.012984513,0.07551943022629311,1895.0616504283541,3240.326281317349,176.6299728266957,-528.6827,82.88397,36.694443,7.4812107,6.363739,21.050165,-0.48260134,-12.899334,-17.7314,-2.8148575,-15.6498375,-0.3603474,-5.209857
Sad,0.0110604735,0.06992418184055119,1810.9620509247045,3164.9516024852364,173.7135770895913,-536.9354,95.495544,37.389477,15.99979,13.32738,10.322239,-6.186794,-16.689028,-18.310812,3.854817,-13.845959,-7.908883,0.8044607
Sad,0.011168454,0.08851207386363637,2010.85145217508,3400.4904651988636,173.75112717799442,-523.59845,85.294106,31.007227,8.810969,2.2940075,17.228434,-11.99189,-11.695711,-17.66809,1.1215945,-12.042594,2.384456,-1.8754605
Sad,0.011640717,0.07550370065789473,1888.006484511896,3264.6530633223683,173.93349602091533,-526.50635,85.17375,25.09602,7.3133197,10.318783,16.668787,-12.163545,-14.241333,-17.23068,3.2737951,-8.97418,-2.9835575,4.2686195
Sad,0.013091891,0.08836638621794872,2001.8135096045974,3376.6708984375,180.96827165229283,-510.67566,77.08046,19.549038,12.846913,13.631233,19.604778,-10.820981,-15.724524,-20.681353,4.5683746,-9.489409,-1.473625,-2.6036015
Sad,0.010198136,0.13981827445652173,2568.397214860842,4087.3132642663045,175.6244399957665,-509.36752,60.445904,24.014801,16.231256,7.5407534,17.102041,-16.476114,-15.9316435,-16.435581,8.400294,-10.820814,-0.21380085,1.5709531
Sad,0.008692449,0.11050269717261904,2403.577816413736,4171.9360119047615,164.89860391025385,-526.19366,73.45061,29.474771,17.709633,14.45078,15.855281,-14.7246,-14.651506,-16.335852,10.462986,-9.312395,-3.3007023,4.390881
Sad,0.0111593595,0.1258388421474359,2748.067700677475,4909.576171875,177.0980271838779,-502.62085,59.26421,26.499584,15.851663,12.53863,18.070255,-4.6578026,-20.750937,-23.612097,6.569474,-8.503047,-4.6609263,-3.779489
Sad,0.010114163,0.13216271033653845,2822.152066480178,4887.93515625,175.26675932238456,-510.7467,50.80667,29.96505,29.546375,15.1485405,13.558208,-7.6076217,-15.74304,-17.044437,5.4641433,-11.270239,-4.702991,-2.37781
Sad,0.010265892,0.11692116477272728,2449.52616494312,4438.909090909091,191.84137137107007,-530.2217,70.364655,29.514853,11.868565,4.8566084,9.746999,-8.84484,-14.067501,-12.044672,6.7409744,-4.036234,-0.9774191,3.0726979
Sad,0.008476466,0.11111475840336134,2451.360643693546,4388.192908022584,170.4376010044789,-525.2894,67.98219,18.094625,17.669867,13.67217,13.67407,-11.273656,-13.078271,-14.815371,9.15959,-10.09517,1.0902201,0.06947641
Sad,0.009693373,0.11330629006410256,2452.046293853599,4284.900716145833,176.22913735567823,-501.7309,70.162994,19.458822,15.66734,9.8614235,8.400558,-9.90557,-10.91905,-17.501572,5.4137955,-4.9430046,-3.9263034,1.065369
Sad,0.00813513,0.10999116443452381,2441.6833309361677,4316.689778645833,175.36482446625615,-530.0373,73.61849,24.796556,18.495028,8.129582,8.535546,-12.716039,-8.892349,-19.315836,8.575315,-6.386931,1.1540886,0.62592494
Sad,0.010170195,0.10938257025193798,2449.9271176754896,4564.2255405159885,182.5100188814186,-525.0203,55.431496,14.921864,28.017435,23.169287,12.59353,-9.259145,-14.541539,-14.436005,3.4488373,-7.2155895,-5.292698,2.3185997
Sad,0.009133387,0.10592623873873874,2287.181049891399,4277.669420396959,178.67455069035583,-508.8721,82.17417,17.169512,15.707211,18.542686,16.090517,-12.054437,-18.030052,-23.23433,5.79691,-10.080579,-1.9000915,-1.3716129
Sad,0.009039076,0.1140718005952381,2545.860220153521,4408.650995163691,172.26611735710176,-507.53238,63.61125,17.772425,19.352148,17.52645,17.537737,-15.434042,-14.175114,-19.420822,3.0792122,-7.7163258,-0.21662025,2.5888395
Sad,0.010378243,0.09350018168604651,2356.3602131322996,4201.793263989825,184.80656296603613,-523.89984,70.003136,18.494156,11.296921,16.778927,10.842183,-11.310111,-15.470743,-13.974944,2.342239,-3.8123431,-0.47437117,1.7629548
Sad,0.012757191,0.1195336318597561,2557.388196397752,4276.113495617378,185.357054868252,-503.37924,67.89768,25.232847,10.47956,4.616585,12.915284,-7.1640515,-14.427714,-17.124645,2.222921,-7.2597523,0.38693202,1.1818738
Sad,0.011047959,0.14345481178977273,2716.643767899335,4863.907182173295,172.15437834036612,-518.4463,62.417458,33.377388,12.726594,8.911109,12.886764,-8.999285,-12.3369465,-15.713422,8.846745,-7.876916,-4.0075846,4.7799997
Sad,0.00993594,0.129859375,2586.9394182677247,4462.4214375,175.21874872432778,-532.2712,57.788742,26.815662,17.84057,12.050071,19.245079,-4.292006,-10.615371,-16.516981,4.195385,-7.921964,-1.7477778,0.38064927
Sad,0.012079566,0.11286751550572519,2337.6666560765652,3739.158143487595,168.5190399338982,-497.5794,78.63995,25.404303,7.9215527,6.855877,14.13252,-8.063456,-11.867625,-17.282917,4.3420773,-7.693878,0.12783243,0.94357437
Sad,0.009563175,0.14648813100961539,2816.7673232151983,4986.0533203125,174.80740730743662,-514.59875,55.872288,27.43009,12.03372,3.9399612,19.994734,-4.9997325,-12.251942,-18.114506,5.4526224,-5.2879105,1.1825615,2.4180627
Sad,0.013028156,0.11942879098360656,2543.04748624413,4197.035660540471,188.14525821935584,-508.55444,61.721657,31.142277,11.84321,9.558367,11.856709,-7.36144,-12.185209,-14.5857525,3.5376012,-7.688102,-2.5560536,3.4865217
Sad,0.009659567,0.14756018165650406,2872.3063970721614,5063.3773818597565,176.91652150603858,-508.7151,51.12816,23.271286,17.659962,7.1510367,14.413112,-11.750493,-11.447999,-17.618303,8.815989,-6.7557955,2.340016,1.3089844
Sad,0.013452249,0.10777936662946429,2424.0399364812756,4471.188406808035,184.84050196748365,-506.17276,71.831215,24.300781,6.5614386,18.290085,13.925773,3.3987694,-16.744503,-17.689133,-0.6938719,-8.530535,-2.9648345,-2.7789848
Sad,0.012936571,0.0859375,2262.274619469963,4335.364758199897,180.88530570179506,-517.3046,63.160103,24.50788,18.503204,19.980967,9.6791315,-5.9056344,-13.623895,-12.01115,3.9719927,-7.3131638,-4.808607,-0.85353595
Sad,0.011162855,0.09117683531746032,2222.5818595091037,4152.351678757441,174.6539197404776,-521.67883,68.549416,24.361334,10.825137,11.645916,17.965197,-9.064204,-7.746084,-15.805462,2.032314,-5.8419323,-1.3359176,-0.9973305
Sad,0.009613361,0.08322525024414062,2020.0702887206169,3601.2289123535156,171.2701274286376,-557.1751,67.90238,27.04912,23.481544,20.153328,21.18025,-9.843434,-6.5622888,-13.137669,4.4504,-8.232519,-0.0191122,2.451179
Sad,0.01095244,0.07893753051757812,2013.7677365278582,3890.7763595581055,179.18407421526467,-536.51666,73.52662,33.823074,23.638,19.700317,13.956136,-9.94639,-5.9611053,-16.28355,0.20440713,-8.076929,-5.860965,-4.027015
Sad,0.008243036,0.08563232421875,2235.8285879933846,4351.766549246652,169.65962724207265,-538.9539,76.36933,31.748491,17.553303,12.9285755,15.3746195,-12.968004,-5.263842,-14.28892,4.143022,-6.400161,0.7800481,-0.78634846
Sad,0.00965957,0.0868969298245614,2384.257615906895,4187.999845805921,164.75602477222975,-534.4584,71.82661,32.444107,20.599499,17.734829,18.474697,-8.196266,-8.608993,-17.009436,1.3720453,-6.6936216,-4.124263,-3.5827327
Sad,0.014253229,0.09034010201446281,2351.9729402006465,4294.084952866736,184.86706742705044,-512.5587,74.12071,29.463854,4.8438225,18.78935,16.738935,-8.697308,-18.700829,-14.023711,-0.039763,-8.986573,-0.9454364,-0.5425261
Sad,0.011214314,0.12280945384174312,2608.4195101406176,4242.74618334289,185.0900371625109,-514.5143,71.33808,30.09332,7.4948506,3.8237004,15.687318,-17.798737,-9.478725,-14.920842,8.823879,-11.534894,-0.33495218,-1.3528113
Sad,0.0091131525,0.09907306608606557,2508.5174806019145,4106.163238025102,171.56203541438725,-527.81866,76.57834,32.29371,11.200036,6.5072293,17.731249,-10.219651,-8.209383,-21.304193,3.9663596,-9.671981,0.9124237,1.0711775
Sad,0.009992185,0.0827452074579832,2160.5030501691276,4011.7329388786766,176.9075439140017,-521.2106,74.45429,25.459265,17.865408,12.280458,16.162462,-16.757235,-9.1919985,-17.171852,-0.056465436,-5.482882,-1.1841178,0.03518347
Sad,0.01390391,0.08653760138358779,2188.4121729221333,4073.489295085878,195.68885084719474,-536.35876,64.076324,26.946703,14.185732,16.170208,11.351173,-1.6493444,-10.534696,-7.319527,3.2093053,-7.0040936,-1.06632,0.059726365
Sad,0.010003231,0.08175,2026.8001561739734,3585.1386796875,176.6923302683724,-526.80585,77.560905,21.557638,10.834645,10.979211,22.46691,-15.7877035,-8.540815,-16.28299,6.0225053,-5.60232,2.3460052,0.7528448
Sad,0.00900553,0.09723717396653543,2217.34370491935,4130.168914554626,177.45128431543,-548.5462,68.23366,25.134998,17.605274,11.957696,16.649403,-12.183037,-9.50045,-13.793827,10.683321,-9.300708,-0.42011687,0.49285394
Sad,0.008104703,0.07592373206967214,2077.860454450996,4049.3924020235654,170.61049191873894,-558.90485,74.310905,30.648285,19.612307,12.032113,14.978183,-10.791937,-7.4364653,-13.953809,8.3272085,-8.634542,-3.0974524,0.6238013
Sad,0.011651012,0.0742444490131579,2258.9322008203417,4558.907098067434,195.22332940306788,-524.0941,68.81591,23.890709,10.0704,14.920457,8.821838,3.8466246,-5.8872843,-15.180755,3.03696,-6.319115,-0.24805877,1.4905517
Sad,0.0089687435,0.08072378615702479,2065.9755803826492,3876.8535075542354,171.5642157717887,-547.06213,77.846825,26.071188,9.251868,12.5582075,21.47715,-5.8488975,-11.432991,-13.707909,9.861917,-8.348106,-1.0399123,-0.93697816
Sad,0.014215035,0.07070072361680328,2025.9324841587954,3603.8243948514346,177.8110397302961,-516.4384,87.1245,30.144749,6.9759684,13.831392,9.498571,-3.2651172,-8.246503,-16.064112,0.8292544,-9.028139,-4.242321,-0.26277933
Sad,0.007841178,0.08735971602182539,2444.643907417295,4547.728143601191,170.01089665004739,-557.0575,61.885944,31.341265,24.380424,14.833316,15.685862,-10.226842,-7.410622,-16.107014,10.813098,-10.630436,1.951892,1.5616105
Sad,0.013683985,0.08129287347560976,1847.8303630786943,3003.3879811356705,172.97396321496674,-536.7197,81.27511,37.823635,19.418152,10.96746,11.742328,-11.029348,-6.4206877,-20.264545,1.4602185,-11.357694,0.6636265,-0.48671928
Sad,0.009741032,0.08591134207589286,2158.836970949714,3861.30672781808,179.4727755670355,-541.651,77.002945,37.612934,17.33479,12.035706,15.873429,-15.600752,-8.026567,-18.79512,3.7648523,-11.073386,0.14307092,-2.2602315
Sad,0.011519993,0.07119921875,1851.0859191785971,3131.0001328125,182.17169395499437,-522.99695,86.05422,24.255836,17.767656,14.241359,12.630216,-18.325182,-13.575101,-17.122593,7.39676,-11.988272,-1.8946818,4.073002
Sad,0.014569102,0.08282917301829268,1868.2364283022291,3048.4547923018295,175.160646864315,-513.6162,88.29163,29.50426,11.810809,9.926882,10.702347,-7.664754,-12.934149,-21.231192,0.5792942,-10.705805,-3.1122699,1.849236
Sad,0.008529629,0.07973554057459678,2201.1345457399934,4010.5170977192543,165.26497559602888,-528.38165,76.390366,28.389023,19.926645,10.752172,14.347725,-11.212678,-7.441132,-20.891233,7.58238,-9.312608,1.83747,1.415023
Sad,0.012247659,0.08006649925595238,1994.2078869621516,3474.3742327008927,182.43331082530284,-539.5738,75.76365,27.945566,15.751781,20.698153,13.782334,0.9879113,-11.685567,-14.695951,-1.0357884,-9.491387,1.3765546,-3.1705854
Sad,0.00855935,0.0799167439088983,1927.9965517610042,3437.0576833951272,162.24922128912368,-557.7503,77.48185,34.412518,28.015043,21.529789,17.67392,-13.281212,-8.261801,-17.765898,0.40006152,-5.8679643,0.95309025,-1.6391802
Sad,0.013719441,0.06780133928571429,1703.4080448029476,2969.6873866489955,165.85852132052244,-512.2616,93.07436,32.787575,18.43043,15.422975,11.539437,-11.853112,-12.09472,-18.624788,-2.938678,-7.346816,-6.7114205,-3.859371
Sad,0.012326463,0.07813720703125,1997.0526336431435,3606.7671630859377,181.47090336821225,-531.5225,81.2375,27.891788,15.842357,19.03686,13.360431,-3.8034067,-7.0254974,-14.205801,-1.4074552,-8.519442,0.18850686,0.26955
Sad,0.013643878,0.06495781906512606,1650.2115414457926,2887.7625147715335,177.33429047783125,-537.1182,90.37015,37.510868,15.45996,20.02317,16.459414,0.50560707,-8.478248,-13.167565,0.23224543,-9.556248,-0.7746279,2.3255072
Sad,0.009070065,0.07805646929824561,1956.034383169964,3375.0782277960525,169.3924006810192,-547.80066,86.248886,28.76127,16.143263,16.017443,12.426383,-12.571051,-15.261778,-16.578867,5.6496663,-11.02734,-2.7364743,1.1158319
Sad,0.008407405,0.061412284044715444,1740.908589197092,3161.3641149009145,167.12616200786584,-553.77155,89.56611,30.647318,22.301678,21.180237,18.108831,-11.479227,-10.006669,-17.134531,0.40333074,-6.708057,-1.5530888,3.2976975
Sad,0.013552869,0.0742302842027559,1773.860435007857,2950.281565268209,170.35545711516605,-508.18817,93.3769,25.778223,5.8532715,10.968539,14.33846,-6.701968,-13.053547,-20.477007,3.497127,-10.217248,0.91202056,-0.9740422
Sad,0.008836181,0.0782734375,2075.4916629474765,3556.623890625,178.36998306969994,-552.8793,70.898506,25.439516,19.413656,14.296747,13.043731,-9.437386,-10.385833,-16.242048,7.1136994,-10.513509,-1.4109496,1.454752
Sad,0.008805655,0.07202542212701613,1977.3882125315347,3849.2965599798385,182.9661560928595,-571.71344,75.47339,34.07717,18.824408,18.33327,21.943087,-12.482119,-11.859864,-19.605818,11.888324,-10.120198,0.3879252,1.5723672
Sad,0.012139791,0.09196619833669355,2375.478281649305,4301.521610383064,181.0959985541501,-520.7513,69.02535,26.865725,17.11123,18.37162,9.248671,-2.0619888,-12.049903,-12.080618,5.9064417,-8.123741,-0.9503829,0.67064124
Sad,0.010327869,0.0855811866554054,1965.4329885651666,3337.3145850929054,168.31936535714684,-526.0219,81.22364,28.899668,17.326551,14.286187,15.811145,-8.666879,-12.103521,-20.114845,3.3494275,-10.213329,-3.0037873,-2.5452223
Sad,0.010351979,0.07638005692829457,1993.976599413309,3739.373296693314,167.4555294127757,-538.86615,83.389206,31.602022,25.451387,24.720203,13.736519,-2.1935468,-8.468179,-20.267925,0.46945915,-8.412886,-2.8169262,-2.8199797
